Date,GS1M,GS3M,GS6M,GS1,GS2,GS3,GS5,GS7,GS10,GS20,GS30,FII5,OTR,CGR
4/1/1953,.,.,.,2.36,.,2.51,2.62,.,2.83,3.08,.,,91,25
5/1/1953,.,.,.,2.48,.,2.72,2.87,.,3.05,3.18,.,,91,25
6/1/1953,.,.,.,2.45,.,2.74,2.94,.,3.11,3.21,.,,91,25
7/1/1953,.,.,.,2.38,.,2.62,2.75,.,2.93,3.12,.,,91,25
8/1/1953,.,.,.,2.28,.,2.58,2.8,.,2.95,3.1,.,,91,25
9/1/1953,.,.,.,2.2,.,2.56,2.71,.,2.87,3.07,.,,91,25
10/1/1953,.,.,.,1.79,.,2.23,2.43,.,2.66,2.95,.,,91,25
11/1/1953,.,.,.,1.67,.,2.2,2.42,.,2.68,2.95,.,,91,25
12/1/1953,.,.,.,1.66,.,2.07,2.32,.,2.59,2.89,.,,91,25
1/1/1954,.,.,.,1.41,.,1.89,2.17,.,2.48,2.8,.,,91,25
2/1/1954,.,.,.,1.14,.,1.63,2.04,.,2.47,2.72,.,,91,25
3/1/1954,.,.,.,1.13,.,1.59,1.93,.,2.37,2.61,.,,91,25
4/1/1954,.,.,.,0.96,.,1.54,1.87,.,2.29,2.6,.,,91,25
5/1/1954,.,.,.,0.85,.,1.56,1.92,.,2.37,2.66,.,,91,25
6/1/1954,.,.,.,0.82,.,1.53,1.92,.,2.38,2.64,.,,91,25
7/1/1954,.,.,.,0.84,.,1.47,1.85,.,2.3,2.57,.,,91,25
8/1/1954,.,.,.,0.88,.,1.49,1.9,.,2.36,2.58,.,,91,25
9/1/1954,.,.,.,1.03,.,1.6,1.96,.,2.38,2.6,.,,91,25
10/1/1954,.,.,.,1.17,.,1.72,2.02,.,2.43,2.61,.,,91,25
11/1/1954,.,.,.,1.14,.,1.75,2.09,.,2.48,2.65,.,,91,25
12/1/1954,.,.,.,1.21,.,1.81,2.16,.,2.51,2.67,.,,91,25
1/1/1955,.,.,.,1.39,.,1.99,2.32,.,2.61,2.75,.,,91,25
2/1/1955,.,.,.,1.57,.,2.12,2.38,.,2.65,2.83,.,,91,25
3/1/1955,.,.,.,1.59,.,2.26,2.48,.,2.68,2.84,.,,91,25
4/1/1955,.,.,.,1.75,.,2.37,2.55,.,2.75,2.85,.,,91,25
5/1/1955,.,.,.,1.9,.,2.37,2.56,.,2.76,2.87,.,,91,25
6/1/1955,.,.,.,1.91,.,2.39,2.59,.,2.78,2.86,.,,91,25
7/1/1955,.,.,.,2.02,.,2.51,2.72,.,2.9,2.94,.,,91,25
8/1/1955,.,.,.,2.37,.,2.72,2.86,.,2.97,3.01,.,,91,25
9/1/1955,.,.,.,2.36,.,2.69,2.85,.,2.97,3,.,,91,25
10/1/1955,.,.,.,2.39,.,2.62,2.76,.,2.88,2.93,.,,91,25
11/1/1955,.,.,.,2.48,.,2.73,2.81,.,2.89,2.93,.,,91,25
12/1/1955,.,.,.,2.73,.,2.88,2.93,.,2.96,2.98,.,,91,25
1/1/1956,.,.,.,2.58,.,2.78,2.84,.,2.9,2.94,.,,91,25
2/1/1956,.,.,.,2.49,.,2.67,2.74,.,2.84,2.91,.,,91,25
3/1/1956,.,.,.,2.61,.,2.89,2.93,.,2.96,2.99,.,,91,25
4/1/1956,.,.,.,2.92,.,3.19,3.2,.,3.18,3.14,.,,91,25
5/1/1956,.,.,.,2.94,.,3.08,3.08,.,3.07,3.06,.,,91,25
6/1/1956,.,.,.,2.74,.,2.95,2.97,.,3,3,.,,91,25
7/1/1956,.,.,.,2.76,.,3.06,3.12,.,3.11,3.08,.,,91,25
8/1/1956,.,.,.,3.1,.,3.39,3.41,.,3.33,3.22,.,,91,25
9/1/1956,.,.,.,3.35,.,3.5,3.47,.,3.38,3.28,.,,91,25
10/1/1956,.,.,.,3.28,.,3.4,3.4,.,3.34,3.26,.,,91,25
11/1/1956,.,.,.,3.44,.,3.57,3.56,.,3.49,3.37,.,,91,25
12/1/1956,.,.,.,3.68,.,3.76,3.7,.,3.59,3.45,.,,91,25
1/1/1957,.,.,.,3.37,.,3.46,3.47,.,3.46,3.41,.,,91,25
2/1/1957,.,.,.,3.38,.,3.42,3.39,.,3.34,3.3,.,,91,25
3/1/1957,.,.,.,3.42,.,3.47,3.46,.,3.41,3.32,.,,91,25
4/1/1957,.,.,.,3.49,.,3.53,3.53,.,3.48,3.4,.,,91,25
5/1/1957,.,.,.,3.48,.,3.61,3.64,.,3.6,3.49,.,,91,25
6/1/1957,.,.,.,3.65,.,3.8,3.83,.,3.8,3.65,.,,91,25
7/1/1957,.,.,.,3.81,.,3.96,4,.,3.93,3.72,.,,91,25
8/1/1957,.,.,.,4.01,.,4.02,4,.,3.93,3.75,.,,91,25
9/1/1957,.,.,.,4.07,.,4.06,4.03,.,3.92,3.73,.,,91,25
10/1/1957,.,.,.,4.01,.,4.09,4.08,.,3.97,3.76,.,,91,25
11/1/1957,.,.,.,3.57,.,3.7,3.72,.,3.72,3.61,.,,91,25
12/1/1957,.,.,.,3.18,.,3.11,3.08,.,3.21,3.38,.,,91,25
1/1/1958,.,.,.,2.65,.,2.78,2.88,.,3.09,3.27,.,,91,25
2/1/1958,.,.,.,1.99,.,2.58,2.78,.,3.05,3.31,.,,91,25
3/1/1958,.,.,.,1.84,.,2.4,2.64,.,2.98,3.29,.,,91,25
4/1/1958,.,.,.,1.45,.,2.15,2.46,.,2.88,3.17,.,,91,25
5/1/1958,.,.,.,1.37,.,2.07,2.41,.,2.92,3.17,.,,91,25
6/1/1958,.,.,.,1.23,.,2.08,2.46,.,2.97,3.23,.,,91,25
7/1/1958,.,.,.,1.61,.,2.42,2.77,.,3.2,3.39,.,,91,25
8/1/1958,.,.,.,2.5,.,3.06,3.29,.,3.54,3.65,.,,91,25
9/1/1958,.,.,.,3.05,.,3.52,3.69,.,3.76,3.8,.,,91,25
10/1/1958,.,.,.,3.19,.,3.67,3.78,.,3.8,3.81,.,,91,25
11/1/1958,.,.,.,3.1,.,3.6,3.7,.,3.74,3.76,.,,91,25
12/1/1958,.,.,.,3.29,.,3.72,3.82,.,3.86,3.86,.,,91,25
1/1/1959,.,.,.,3.36,.,3.91,4.01,.,4.02,3.95,.,,91,25
2/1/1959,.,.,.,3.54,.,3.92,3.96,.,3.96,3.96,.,,91,25
3/1/1959,.,.,.,3.61,.,3.97,3.99,.,3.99,3.99,.,,91,25
4/1/1959,.,.,.,3.72,.,4.03,4.12,.,4.12,4.06,.,,91,25
5/1/1959,.,.,.,3.96,.,4.25,4.35,.,4.31,4.13,.,,91,25
6/1/1959,.,.,.,4.07,.,4.52,4.5,.,4.34,4.14,.,,91,25
7/1/1959,.,.,.,4.39,.,4.6,4.58,.,4.4,4.16,.,,91,25
8/1/1959,.,.,.,4.42,.,4.6,4.57,.,4.43,4.15,.,,91,25
9/1/1959,.,.,.,5,.,4.97,4.9,.,4.68,4.29,.,,91,25
10/1/1959,.,.,.,4.8,.,4.78,4.72,.,4.53,4.19,.,,91,25
11/1/1959,.,.,.,4.81,.,4.85,4.75,.,4.53,4.2,.,,91,25
12/1/1959,.,.,.,5.14,.,5.12,5.01,.,4.69,4.33,.,,91,25
1/1/1960,.,.,.,5.03,.,4.99,4.92,.,4.72,4.42,.,,91,25
2/1/1960,.,.,.,4.66,.,4.73,4.69,.,4.49,4.28,.,,91,25
3/1/1960,.,.,.,4.02,.,4.29,4.31,.,4.25,4.14,.,,91,25
4/1/1960,.,.,.,4.04,.,4.27,4.29,.,4.28,4.23,.,,91,25
5/1/1960,.,.,.,4.21,.,4.46,4.49,.,4.35,4.2,.,,91,25
6/1/1960,.,.,.,3.36,.,4.01,4.12,.,4.15,4.04,.,,91,25
7/1/1960,.,.,.,3.2,.,3.63,3.79,.,3.9,3.91,.,,91,25
8/1/1960,.,.,.,2.95,.,3.41,3.62,.,3.8,3.84,.,,91,25
9/1/1960,.,.,.,3.07,.,3.43,3.61,.,3.8,3.86,.,,91,25
10/1/1960,.,.,.,3.04,.,3.53,3.76,.,3.89,3.92,.,,91,25
11/1/1960,.,.,.,3.08,.,3.6,3.81,.,3.93,3.96,.,,91,25
12/1/1960,.,.,.,2.86,.,3.42,3.67,.,3.84,3.91,.,,91,25
1/1/1961,.,.,.,2.81,.,3.39,3.67,.,3.84,3.9,.,,91,25
2/1/1961,.,.,.,2.93,.,3.46,3.66,.,3.78,3.84,.,,91,25
3/1/1961,.,.,.,2.88,.,3.35,3.6,.,3.74,3.81,.,,91,25
4/1/1961,.,.,.,2.88,.,3.33,3.57,.,3.78,3.81,.,,91,25
5/1/1961,.,.,.,2.87,.,3.23,3.47,.,3.71,3.74,.,,91,25
6/1/1961,.,.,.,3.06,.,3.63,3.81,.,3.88,3.89,.,,91,25
7/1/1961,.,.,.,2.92,.,3.59,3.84,.,3.92,3.93,.,,91,25
8/1/1961,.,.,.,3.06,.,3.76,3.96,.,4.04,4.04,.,,91,25
9/1/1961,.,.,.,3.06,.,3.73,3.9,.,3.98,4.04,.,,91,25
10/1/1961,.,.,.,3.05,.,3.62,3.8,.,3.92,4.01,.,,91,25
11/1/1961,.,.,.,3.07,.,3.61,3.82,.,3.94,4,.,,91,25
12/1/1961,.,.,.,3.18,.,3.72,3.91,.,4.06,4.07,.,,91,25
1/1/1962,.,.,.,3.28,.,3.76,3.94,.,4.08,4.1,.,,91,25
2/1/1962,.,.,.,3.28,.,3.69,3.89,.,4.04,4.12,.,,91,25
3/1/1962,.,.,.,3.06,.,3.45,3.68,.,3.93,4.04,.,,91,25
4/1/1962,.,.,.,2.99,.,3.38,3.6,.,3.84,3.93,.,,91,25
5/1/1962,.,.,.,3.03,.,3.4,3.66,.,3.87,3.92,.,,91,25
6/1/1962,.,.,.,3.03,.,3.39,3.64,.,3.91,3.96,.,,91,25
7/1/1962,.,.,.,3.29,.,3.62,3.8,.,4.01,4.05,.,,91,25
8/1/1962,.,.,.,3.2,.,3.46,3.71,.,3.98,4.01,.,,91,25
9/1/1962,.,.,.,3.06,.,3.41,3.7,.,3.98,4,.,,91,25
10/1/1962,.,.,.,2.98,.,3.33,3.64,.,3.93,3.94,.,,91,25
11/1/1962,.,.,.,3,.,3.4,3.6,.,3.92,3.93,.,,91,25
12/1/1962,.,.,.,3.01,.,3.37,3.56,.,3.86,3.92,.,,91,25
1/1/1963,.,.,.,3.04,.,3.4,3.58,.,3.83,3.93,.,,91,25
2/1/1963,.,.,.,3.01,.,3.39,3.66,.,3.92,3.97,.,,91,25
3/1/1963,.,.,.,3.03,.,3.41,3.68,.,3.93,3.98,.,,91,25
4/1/1963,.,.,.,3.11,.,3.5,3.74,.,3.97,4.03,.,,91,25
5/1/1963,.,.,.,3.12,.,3.54,3.72,.,3.93,4.02,.,,91,25
6/1/1963,.,.,.,3.2,.,3.61,3.81,.,3.99,4.02,.,,91,25
7/1/1963,.,.,.,3.48,.,3.76,3.89,.,4.02,4.06,.,,91,25
8/1/1963,.,.,.,3.53,.,3.77,3.89,.,4,4.03,.,,91,25
9/1/1963,.,.,.,3.57,.,3.82,3.96,.,4.08,4.09,.,,91,25
10/1/1963,.,.,.,3.64,.,3.87,3.97,.,4.11,4.12,.,,91,25
11/1/1963,.,.,.,3.74,.,3.95,4.01,.,4.12,4.16,.,,91,25
12/1/1963,.,.,.,3.81,.,4.01,4.04,.,4.13,4.19,.,,91,25
1/1/1964,.,.,.,3.79,.,4.04,4.07,.,4.17,4.19,.,,77,25
2/1/1964,.,.,.,3.78,.,4,4.03,.,4.15,4.17,.,,77,25
3/1/1964,.,.,.,3.91,.,4.12,4.14,.,4.22,4.22,.,,77,25
4/1/1964,.,.,.,3.91,.,4.15,4.15,.,4.23,4.24,.,,77,25
5/1/1964,.,.,.,3.84,.,4.04,4.05,.,4.2,4.2,.,,77,25
6/1/1964,.,.,.,3.83,.,4.01,4.02,.,4.17,4.17,.,,77,25
7/1/1964,.,.,.,3.72,.,3.93,4.03,.,4.19,4.16,.,,77,25
8/1/1964,.,.,.,3.74,.,3.93,4.05,.,4.19,4.18,.,,77,25
9/1/1964,.,.,.,3.84,.,4.01,4.08,.,4.2,4.2,.,,77,25
10/1/1964,.,.,.,3.86,.,4.02,4.07,.,4.19,4.2,.,,77,25
11/1/1964,.,.,.,3.91,.,4.04,4.04,.,4.15,4.17,.,,77,25
12/1/1964,.,.,.,4.02,.,4.08,4.09,.,4.18,4.18,.,,77,25
1/1/1965,.,.,.,3.94,.,4.03,4.1,.,4.19,4.19,.,,70,25
2/1/1965,.,.,.,4.03,.,4.08,4.15,.,4.21,4.21,.,,70,25
3/1/1965,.,.,.,4.06,.,4.13,4.15,.,4.21,4.2,.,,70,25
4/1/1965,.,.,.,4.04,.,4.12,4.15,.,4.2,4.2,.,,70,25
5/1/1965,.,.,.,4.03,.,4.11,4.15,.,4.21,4.21,.,,70,25
6/1/1965,.,.,.,3.99,.,4.08,4.15,.,4.21,4.21,.,,70,25
7/1/1965,.,.,.,3.98,.,4.09,4.15,.,4.2,4.21,.,,70,25
8/1/1965,.,.,.,4.07,.,4.16,4.2,.,4.25,4.25,.,,70,25
9/1/1965,.,.,.,4.2,.,4.24,4.25,.,4.29,4.3,.,,70,25
10/1/1965,.,.,.,4.3,.,4.33,4.34,.,4.35,4.32,.,,70,25
11/1/1965,.,.,.,4.37,.,4.45,4.46,.,4.45,4.4,.,,70,25
12/1/1965,.,.,.,4.72,.,4.79,4.72,.,4.62,4.5,.,,70,25
1/1/1966,.,.,.,4.88,.,4.9,4.86,.,4.61,4.52,.,,70,25
2/1/1966,.,.,.,4.94,.,5.02,4.98,.,4.83,4.71,.,,70,25
3/1/1966,.,.,.,4.97,.,4.97,4.92,.,4.87,4.72,.,,70,25
4/1/1966,.,.,.,4.9,.,4.89,4.83,.,4.75,4.65,.,,70,25
5/1/1966,.,.,.,4.93,.,5,4.89,.,4.78,4.69,.,,70,25
6/1/1966,.,.,.,4.97,.,5.05,4.97,.,4.81,4.73,.,,70,25
7/1/1966,.,.,.,5.17,.,5.26,5.17,.,5.02,4.84,.,,70,25
8/1/1966,.,.,.,5.54,.,5.68,5.5,.,5.22,4.95,.,,70,25
9/1/1966,.,.,.,5.82,.,5.79,5.5,.,5.18,4.94,.,,70,25
10/1/1966,.,.,.,5.58,.,5.48,5.27,.,5.01,4.83,.,,70,25
11/1/1966,.,.,.,5.54,.,5.53,5.36,.,5.16,4.87,.,,70,25
12/1/1966,.,.,.,5.2,.,5.19,5,.,4.84,4.76,.,,70,25
1/1/1967,.,.,.,4.75,.,4.75,4.7,.,4.58,4.51,.,,70,25
2/1/1967,.,.,.,4.71,.,4.73,4.74,.,4.63,4.61,.,,70,25
3/1/1967,.,.,.,4.35,.,4.47,4.54,.,4.54,4.56,.,,70,25
4/1/1967,.,.,.,4.11,.,4.38,4.51,.,4.59,4.64,.,,70,25
5/1/1967,.,.,.,4.15,.,4.61,4.75,.,4.85,4.9,.,,70,25
6/1/1967,.,.,.,4.48,.,4.89,5.01,.,5.02,4.99,.,,70,25
7/1/1967,.,.,.,5.01,.,5.06,5.23,.,5.16,5.01,.,,70,25
8/1/1967,.,.,.,5.13,.,5.23,5.31,.,5.28,5.12,.,,70,25
9/1/1967,.,.,.,5.24,.,5.41,5.4,.,5.3,5.16,.,,70,25
10/1/1967,.,.,.,5.37,.,5.52,5.57,.,5.48,5.36,.,,70,25
11/1/1967,.,.,.,5.61,.,5.71,5.78,.,5.75,5.66,.,,70,25
12/1/1967,.,.,.,5.71,.,5.71,5.75,.,5.7,5.59,.,,70,25
1/1/1968,.,.,.,5.43,.,5.53,5.54,.,5.53,5.39,.,,75.3,26.9
2/1/1968,.,.,.,5.41,.,5.61,5.59,.,5.56,5.38,.,,75.3,26.9
3/1/1968,.,.,.,5.58,.,5.8,5.76,.,5.74,5.59,.,,75.3,26.9
4/1/1968,.,.,.,5.71,.,5.75,5.69,.,5.64,5.46,.,,75.3,26.9
5/1/1968,.,.,.,6.14,.,6.11,6.04,.,5.87,5.55,.,,75.3,26.9
6/1/1968,.,.,.,5.98,.,5.82,5.85,.,5.72,5.4,.,,75.3,26.9
7/1/1968,.,.,.,5.65,.,5.54,5.6,.,5.5,5.29,.,,75.3,26.9
8/1/1968,.,.,.,5.43,.,5.42,5.5,.,5.42,5.23,.,,75.3,26.9
9/1/1968,.,.,.,5.45,.,5.39,5.48,.,5.46,5.28,.,,75.3,26.9
10/1/1968,.,.,.,5.57,.,5.52,5.55,.,5.58,5.44,.,,75.3,26.9
11/1/1968,.,.,.,5.75,.,5.57,5.66,.,5.7,5.56,.,,75.3,26.9
12/1/1968,.,.,.,6.19,.,6.16,6.12,.,6.03,5.88,.,,75.3,26.9
1/1/1969,.,.,.,6.34,.,6.22,6.25,.,6.04,5.99,.,,77,27.9
2/1/1969,.,.,.,6.41,.,6.32,6.34,.,6.19,6.11,.,,77,27.9
3/1/1969,.,.,.,6.34,.,6.38,6.41,.,6.3,6.22,.,,77,27.9
4/1/1969,.,.,.,6.26,.,6.25,6.3,.,6.17,6.03,.,,77,27.9
5/1/1969,.,.,.,6.42,.,6.51,6.54,.,6.32,6.11,.,,77,27.9
6/1/1969,.,.,.,7.04,.,6.83,6.75,.,6.57,6.28,.,,77,27.9
7/1/1969,.,.,.,7.6,.,7.31,7.01,6.8,6.72,6.27,.,,77,27.9
8/1/1969,.,.,.,7.54,.,7.29,7.03,6.79,6.69,6.22,.,,77,27.9
9/1/1969,.,.,.,7.82,.,7.77,7.57,7.36,7.16,6.55,.,,77,27.9
10/1/1969,.,.,.,7.64,.,7.57,7.51,7.24,7.1,6.49,.,,77,27.9
11/1/1969,.,.,.,7.89,.,7.65,7.53,7.17,7.14,6.74,.,,77,27.9
12/1/1969,.,.,.,8.17,.,8.1,7.96,7.51,7.65,6.91,.,,77,27.9
1/1/1970,.,.,.,8.1,.,8.24,8.17,7.73,7.79,6.92,.,,71.8,32.3
2/1/1970,.,.,.,7.59,.,7.79,7.82,7.51,7.24,6.67,.,,71.8,32.3
3/1/1970,.,.,.,6.97,.,7.15,7.21,7.13,7.07,6.72,.,,71.8,32.3
4/1/1970,.,.,.,7.06,.,7.39,7.5,7.45,7.39,6.85,.,,71.8,32.3
5/1/1970,.,.,.,7.75,.,7.94,7.97,7.93,7.91,7.24,.,,71.8,32.3
6/1/1970,.,.,.,7.55,.,7.84,7.85,7.84,7.84,7.34,.,,71.8,32.3
7/1/1970,.,.,.,7.1,.,7.56,7.59,7.61,7.46,6.92,.,,71.8,32.3
8/1/1970,.,.,.,6.98,.,7.46,7.57,7.59,7.53,7.07,.,,71.8,32.3
9/1/1970,.,.,.,6.73,.,7.11,7.29,7.4,7.39,6.88,.,,71.8,32.3
10/1/1970,.,.,.,6.43,.,6.96,7.12,7.32,7.33,6.88,.,,71.8,32.3
11/1/1970,.,.,.,5.51,.,6.25,6.47,6.76,6.84,6.58,.,,71.8,32.3
12/1/1970,.,.,.,5,.,5.75,5.95,6.23,6.39,6.28,.,,71.8,32.3
1/1/1971,.,.,.,4.57,.,5.61,5.89,6.16,6.24,6.18,.,,70,34.3
2/1/1971,.,.,.,3.89,.,5.07,5.56,5.94,6.11,6.14,.,,70,34.3
3/1/1971,.,.,.,3.69,.,4.5,5,5.42,5.7,5.94,.,,70,34.3
4/1/1971,.,.,.,4.3,.,5.22,5.65,5.87,5.83,6,.,,70,34.3
5/1/1971,.,.,.,5.04,.,5.97,6.28,6.42,6.39,6.32,.,,70,34.3
6/1/1971,.,.,.,5.64,.,6.32,6.53,6.65,6.52,6.38,.,,70,34.3
7/1/1971,.,.,.,6.04,.,6.74,6.85,6.92,6.73,6.38,.,,70,34.3
8/1/1971,.,.,.,5.8,.,6.35,6.55,6.67,6.58,6.27,.,,70,34.3
9/1/1971,.,.,.,5.41,.,5.89,6.14,6.2,6.14,6.05,.,,70,34.3
10/1/1971,.,.,.,4.91,.,5.56,5.93,5.98,5.93,5.92,.,,70,34.3
11/1/1971,.,.,.,4.67,.,5.35,5.78,5.94,5.81,5.86,.,,70,34.3
12/1/1971,.,.,.,4.6,.,5.27,5.69,5.97,5.93,6,.,,70,34.3
1/1/1972,.,.,.,4.28,.,5.14,5.59,5.91,5.95,6.01,.,,70,36.5
2/1/1972,.,.,.,4.27,.,5.25,5.69,5.99,6.08,6.06,.,,70,36.5
3/1/1972,.,.,.,4.67,.,5.56,5.87,6.05,6.07,6.06,.,,70,36.5
4/1/1972,.,.,.,4.96,.,5.88,6.17,6.22,6.19,6.16,.,,70,36.5
5/1/1972,.,.,.,4.64,.,5.55,5.85,6.07,6.13,6.07,.,,70,36.5
6/1/1972,.,.,.,4.93,.,5.64,5.91,6.06,6.11,6.01,.,,70,36.5
7/1/1972,.,.,.,4.96,.,5.78,5.97,6.09,6.11,6.01,.,,70,36.5
8/1/1972,.,.,.,4.98,.,5.79,6.02,6.19,6.21,5.94,.,,70,36.5
9/1/1972,.,.,.,5.52,.,6.06,6.25,6.43,6.55,6.05,.,,70,36.5
10/1/1972,.,.,.,5.52,.,6.05,6.18,6.35,6.48,6,.,,70,36.5
11/1/1972,.,.,.,5.27,.,5.94,6.12,6.18,6.28,5.79,.,,70,36.5
12/1/1972,.,.,.,5.52,.,6.01,6.16,6.2,6.36,5.96,.,,70,36.5
1/1/1973,.,.,.,5.89,.,6.27,6.34,6.36,6.46,6.78,.,,70,36.5
2/1/1973,.,.,.,6.19,.,6.58,6.6,6.6,6.64,6.88,.,,70,36.5
3/1/1973,.,.,.,6.85,.,6.86,6.8,6.76,6.71,6.91,.,,70,36.5
4/1/1973,.,.,.,6.85,.,6.78,6.67,6.67,6.67,6.86,.,,70,36.5
5/1/1973,.,.,.,6.89,.,6.83,6.8,6.83,6.85,6.99,.,,70,36.5
6/1/1973,.,.,.,7.31,.,6.84,6.69,6.81,6.9,7.06,.,,70,36.5
7/1/1973,.,.,.,8.39,.,7.54,7.33,7.23,7.13,7.29,.,,70,36.5
8/1/1973,.,.,.,8.82,.,7.89,7.63,7.52,7.4,7.61,.,,70,36.5
9/1/1973,.,.,.,8.31,.,7.25,7.05,7.08,7.09,7.25,.,,70,36.5
10/1/1973,.,.,.,7.4,.,6.81,6.77,6.78,6.79,7.18,.,,70,36.5
11/1/1973,.,.,.,7.57,.,7,6.92,6.89,6.73,7.3,.,,70,36.5
12/1/1973,.,.,.,7.27,.,6.81,6.8,6.77,6.74,7.29,.,,70,36.5
1/1/1974,.,.,.,7.42,.,6.96,6.95,6.88,6.99,7.47,.,,70,36.5
2/1/1974,.,.,.,6.88,.,6.76,6.82,6.92,6.96,7.46,.,,70,36.5
3/1/1974,.,.,.,7.76,.,7.35,7.31,7.34,7.21,7.73,.,,70,36.5
4/1/1974,.,.,.,8.62,.,8.05,7.92,7.77,7.51,8.01,.,,70,36.5
5/1/1974,.,.,.,8.78,.,8.27,8.18,7.93,7.58,8.14,.,,70,36.5
6/1/1974,.,.,.,8.67,.,8.15,8.1,7.9,7.54,8.1,.,,70,36.5
7/1/1974,.,.,.,8.8,.,8.41,8.38,8.19,7.81,8.26,.,,70,36.5
8/1/1974,.,.,.,9.36,.,8.66,8.63,8.41,8.04,8.6,.,,70,36.5
9/1/1974,.,.,.,8.87,.,8.41,8.37,8.25,8.04,8.59,.,,70,36.5
10/1/1974,.,.,.,8.05,.,8,7.97,7.92,7.9,8.37,.,,70,36.5
11/1/1974,.,.,.,7.66,.,7.61,7.68,7.68,7.68,7.98,.,,70,36.5
12/1/1974,.,.,.,7.31,.,7.24,7.31,7.38,7.43,7.91,.,,70,36.5
1/1/1975,.,.,.,6.83,.,7.23,7.41,7.45,7.5,7.88,.,,70,36.5
2/1/1975,.,.,.,5.98,.,6.65,7.11,7.3,7.39,7.71,.,,70,36.5
3/1/1975,.,.,.,6.11,.,6.81,7.3,7.58,7.73,7.99,.,,70,36.5
4/1/1975,.,.,.,6.9,.,7.76,7.99,8.1,8.23,8.36,.,,70,36.5
5/1/1975,.,.,.,6.39,.,7.39,7.72,7.9,8.06,8.22,.,,70,36.5
6/1/1975,.,.,.,6.29,.,7.17,7.51,7.69,7.86,8.04,.,,70,36.5
7/1/1975,.,.,.,7.11,.,7.72,7.92,7.99,8.06,8.17,.,,70,36.5
8/1/1975,.,.,.,7.7,.,8.16,8.33,8.37,8.4,8.5,.,,70,36.5
9/1/1975,.,.,.,7.75,.,8.29,8.37,8.39,8.43,8.57,.,,70,36.5
10/1/1975,.,.,.,6.95,.,7.81,7.97,8.06,8.14,8.35,.,,70,36.5
11/1/1975,.,.,.,6.49,.,7.46,7.8,7.98,8.05,8.28,.,,70,36.5
12/1/1975,.,.,.,6.6,.,7.43,7.76,7.93,8,8.23,.,,70,36.5
1/1/1976,.,.,.,5.81,.,6.99,7.46,7.67,7.74,8.01,.,,70,39.9
2/1/1976,.,.,.,5.91,.,7.06,7.45,7.72,7.79,8.03,.,,70,39.9
3/1/1976,.,.,.,6.21,.,7.13,7.49,7.65,7.73,7.97,.,,70,39.9
4/1/1976,.,.,.,5.92,.,6.84,7.25,7.44,7.56,7.86,.,,70,39.9
5/1/1976,.,.,.,6.4,.,7.27,7.59,7.77,7.9,8.13,.,,70,39.9
6/1/1976,.,.,.,6.52,7.06,7.31,7.61,7.75,7.86,8.03,.,,70,39.9
7/1/1976,.,.,.,6.2,6.85,7.12,7.49,7.7,7.83,8,.,,70,39.9
8/1/1976,.,.,.,6,6.63,6.86,7.31,7.58,7.77,7.91,.,,70,39.9
9/1/1976,.,.,.,5.84,6.42,6.66,7.13,7.41,7.59,7.78,.,,70,39.9
10/1/1976,.,.,.,5.5,5.98,6.24,6.75,7.16,7.41,7.7,.,,70,39.9
11/1/1976,.,.,.,5.29,5.81,6.09,6.52,6.86,7.29,7.64,.,,70,39.9
12/1/1976,.,.,.,4.89,5.38,5.68,6.1,6.37,6.87,7.3,.,,70,39.9
1/1/1977,.,.,.,5.29,5.9,6.22,6.58,6.92,7.21,7.48,.,,70,39.9
2/1/1977,.,.,.,5.47,6.09,6.44,6.83,7.16,7.39,7.64,7.75,,70,39.9
3/1/1977,.,.,.,5.5,6.09,6.47,6.93,7.2,7.46,7.73,7.8,,70,39.9
4/1/1977,.,.,.,5.44,5.96,6.31,6.79,7.11,7.37,7.67,7.73,,70,39.9
5/1/1977,.,.,.,5.84,6.25,6.55,6.94,7.26,7.46,7.74,7.8,,70,39.9
6/1/1977,.,.,.,5.8,6.13,6.39,6.76,7.05,7.28,7.64,7.64,,70,39.9
7/1/1977,.,.,.,5.94,6.27,6.51,6.84,7.12,7.33,7.6,7.64,,70,39.9
8/1/1977,.,.,.,6.37,6.61,6.79,7.03,7.24,7.4,7.64,7.68,,70,39.9
9/1/1977,.,.,.,6.53,6.71,6.84,7.04,7.21,7.34,7.57,7.64,,70,39.9
10/1/1977,.,.,.,6.97,7.11,7.19,7.32,7.44,7.52,7.71,7.77,,70,39.9
11/1/1977,.,.,.,6.95,7.14,7.22,7.34,7.46,7.58,7.76,7.85,,70,39.9
12/1/1977,.,.,.,6.96,7.18,7.3,7.48,7.59,7.69,7.87,7.94,,70,39.9
1/1/1978,.,.,.,7.28,7.49,7.61,7.77,7.86,7.96,8.14,8.18,,70,39.9
2/1/1978,.,.,.,7.34,7.57,7.67,7.83,7.94,8.03,8.22,8.25,,70,39.9
3/1/1978,.,.,.,7.31,7.58,7.7,7.86,7.95,8.04,8.21,8.23,,70,39.9
4/1/1978,.,.,.,7.45,7.74,7.85,7.98,8.06,8.15,8.32,8.34,,70,39.9
5/1/1978,.,.,.,7.82,8.01,8.07,8.18,8.25,8.35,8.44,8.43,,70,39.9
6/1/1978,.,.,.,8.09,8.24,8.3,8.36,8.4,8.46,8.53,8.5,,70,39.9
7/1/1978,.,.,.,8.39,8.49,8.54,8.54,8.55,8.64,8.69,8.65,,70,39.9
8/1/1978,.,.,.,8.31,8.37,8.33,8.33,8.38,8.41,8.45,8.47,,70,39.9
9/1/1978,.,.,.,8.64,8.57,8.41,8.43,8.42,8.42,8.47,8.47,,70,39.9
10/1/1978,.,.,.,9.14,8.85,8.62,8.61,8.64,8.64,8.69,8.67,,70,39.9
11/1/1978,.,.,.,10.01,9.42,9.04,8.84,8.8,8.81,8.75,8.75,,70,39.9
12/1/1978,.,.,.,10.3,9.72,9.33,9.08,9.03,9.01,8.9,8.88,,70,39.9
1/1/1979,.,.,.,10.41,9.86,9.5,9.2,9.14,9.1,8.98,8.94,,70,28
2/1/1979,.,.,.,10.24,9.72,9.29,9.13,9.11,9.1,9.03,9,,70,28
3/1/1979,.,.,.,10.25,9.79,9.38,9.2,9.15,9.12,9.08,9.03,,70,28
4/1/1979,.,.,.,10.12,9.78,9.43,9.25,9.21,9.18,9.12,9.08,,70,28
5/1/1979,.,.,.,10.12,9.78,9.42,9.24,9.23,9.25,9.21,9.19,,70,28
6/1/1979,.,.,.,9.57,9.22,8.95,8.85,8.86,8.91,8.91,8.92,,70,28
7/1/1979,.,.,.,9.64,9.14,8.94,8.9,8.92,8.95,8.92,8.93,,70,28
8/1/1979,.,.,.,9.98,9.46,9.14,9.06,9.05,9.03,8.97,8.98,,70,28
9/1/1979,.,.,.,10.84,10.06,9.69,9.41,9.38,9.33,9.21,9.17,,70,28
10/1/1979,.,.,.,12.44,11.49,10.95,10.63,10.47,10.3,9.99,9.85,,70,28
11/1/1979,.,.,.,12.39,11.81,11.18,10.93,10.8,10.65,10.37,10.3,,70,28
12/1/1979,.,.,.,11.98,11.39,10.71,10.42,10.42,10.39,10.18,10.12,,70,28
1/1/1980,.,.,.,12.06,11.5,10.88,10.74,10.77,10.8,10.65,10.6,,70,28
2/1/1980,.,.,.,13.92,13.42,12.84,12.6,12.53,12.41,12.21,12.13,,70,28
3/1/1980,.,.,.,15.82,14.88,14.05,13.47,13,12.75,12.49,12.34,,70,28
4/1/1980,.,.,.,13.3,12.5,12.02,11.84,11.49,11.47,11.42,11.4,,70,28
5/1/1980,.,.,.,9.39,9.45,9.44,9.95,10.09,10.18,10.44,10.36,,70,28
6/1/1980,.,.,.,8.16,8.73,8.91,9.21,9.45,9.78,9.89,9.81,,70,28
7/1/1980,.,.,.,8.65,9.03,9.27,9.53,9.84,10.25,10.32,10.24,,70,28
8/1/1980,.,.,.,10.24,10.53,10.63,10.84,10.95,11.1,11.07,11,,70,28
9/1/1980,.,.,.,11.52,11.57,11.57,11.62,11.57,11.51,11.47,11.34,,70,28
10/1/1980,.,.,.,12.49,12.09,12.01,11.86,11.79,11.75,11.75,11.59,,70,28
11/1/1980,.,.,.,14.15,13.51,13.31,12.83,12.71,12.68,12.44,12.37,,70,28
12/1/1980,.,.,.,14.88,14.08,13.65,13.25,13,12.84,12.49,12.4,,70,28
1/1/1981,.,.,.,14.08,13.26,13.01,12.77,12.66,12.57,12.29,12.14,,68,23.7
2/1/1981,.,.,.,14.57,13.92,13.65,13.41,13.28,13.19,12.98,12.8,,68,23.7
3/1/1981,.,.,.,13.71,13.57,13.51,13.41,13.24,13.12,12.94,12.69,,68,23.7
4/1/1981,.,.,.,14.32,14.15,14.09,13.99,13.85,13.68,13.46,13.2,,68,23.7
5/1/1981,.,.,.,16.2,15.46,15.08,14.63,14.3,14.1,13.82,13.6,,68,23.7
6/1/1981,.,.,.,14.86,14.51,14.29,13.95,13.67,13.47,13.2,12.96,,68,23.7
7/1/1981,.,.,.,15.72,15.35,15.15,14.79,14.49,14.28,13.92,13.59,,68,23.7
8/1/1981,.,.,.,16.72,16.28,16,15.56,15.22,14.94,14.52,14.17,,68,23.7
9/1/1981,.,.,.,16.52,16.46,16.22,15.93,15.65,15.32,15.07,14.67,,68,23.7
10/1/1981,.,.,.,15.38,15.54,15.5,15.41,15.33,15.15,15.13,14.68,,68,23.7
11/1/1981,.,.,.,12.41,12.88,13.11,13.38,13.42,13.39,13.56,13.35,,68,23.7
12/1/1981,.,.,.,12.85,13.29,13.66,13.6,13.62,13.72,13.73,13.45,,68,23.7
1/1/1982,.,12.92,13.9,14.32,14.57,14.64,14.65,14.67,14.59,14.57,14.22,,50,20
2/1/1982,.,14.28,14.81,14.73,14.82,14.73,14.54,14.46,14.43,14.48,14.22,,50,20
3/1/1982,.,13.31,13.83,13.95,14.19,14.13,13.98,13.93,13.86,13.75,13.53,,50,20
4/1/1982,.,13.34,13.87,13.98,14.2,14.18,14,13.94,13.87,13.57,13.37,,50,20
5/1/1982,.,12.71,13.13,13.34,13.78,13.77,13.75,13.74,13.62,13.46,13.24,,50,20
6/1/1982,.,13.08,13.76,14.07,14.47,14.48,14.43,14.47,14.3,14.18,13.92,,50,20
7/1/1982,.,11.86,12.8,13.24,13.8,14,14.07,14.07,13.95,13.76,13.55,,50,20
8/1/1982,.,9,10.51,11.43,12.32,12.62,13,13.14,13.06,12.91,12.77,,50,20
9/1/1982,.,8.19,9.83,10.85,11.78,12.03,12.25,12.36,12.34,12.16,12.07,,50,20
10/1/1982,.,7.97,8.63,9.32,10.19,10.62,10.8,10.88,10.91,10.97,11.17,,50,20
11/1/1982,.,8.35,8.8,9.16,9.8,9.98,10.38,10.53,10.55,10.57,10.54,,50,20
12/1/1982,.,8.2,8.59,8.91,9.66,9.88,10.22,10.49,10.54,10.62,10.54,,50,20
1/1/1983,.,8.12,8.33,8.62,9.33,9.64,10.03,10.36,10.46,10.78,10.63,,50,20
2/1/1983,.,8.39,8.65,8.92,9.64,9.91,10.26,10.56,10.72,11.03,10.88,,50,20
3/1/1983,.,8.66,8.86,9.04,9.66,9.84,10.08,10.31,10.51,10.8,10.63,,50,20
4/1/1983,.,8.51,8.78,8.98,9.57,9.76,10.02,10.29,10.4,10.63,10.48,,50,20
5/1/1983,.,8.5,8.7,8.9,9.49,9.66,10.03,10.3,10.38,10.67,10.53,,50,20
6/1/1983,.,9.14,9.44,9.66,10.18,10.32,10.63,10.83,10.85,11.12,10.93,,50,20
7/1/1983,.,9.45,9.85,10.2,10.69,10.9,11.21,11.35,11.38,11.59,11.4,,50,20
8/1/1983,.,9.74,10.16,10.53,11.07,11.3,11.63,11.77,11.85,11.96,11.82,,50,20
9/1/1983,.,9.36,9.73,10.16,10.79,11.07,11.43,11.61,11.65,11.82,11.63,,50,20
10/1/1983,.,8.99,9.39,9.81,10.57,10.87,11.28,11.47,11.54,11.77,11.58,,50,20
11/1/1983,.,9.11,9.48,9.94,10.66,10.96,11.41,11.61,11.69,11.92,11.75,,50,20
12/1/1983,.,9.36,9.76,10.11,10.84,11.13,11.54,11.78,11.83,12.02,11.88,,50,20
1/1/1984,.,9.26,9.56,9.9,10.64,10.93,11.37,11.58,11.67,11.82,11.75,,50,20
2/1/1984,.,9.46,9.77,10.04,10.79,11.05,11.54,11.75,11.84,12,11.95,,50,20
3/1/1984,.,9.89,10.27,10.59,11.31,11.59,12.02,12.25,12.32,12.45,12.38,,50,20
4/1/1984,.,10.07,10.47,10.9,11.69,11.98,12.37,12.56,12.63,12.65,12.65,,50,20
5/1/1984,.,10.22,11.02,11.66,12.47,12.75,13.17,13.34,13.41,13.43,13.43,,50,20
6/1/1984,.,10.26,11.24,12.08,12.91,13.18,13.48,13.56,13.56,13.54,13.44,,50,20
7/1/1984,.,10.53,11.27,12.03,12.88,13.08,13.27,13.35,13.36,13.36,13.21,,50,20
8/1/1984,.,10.9,11.37,11.82,12.43,12.5,12.68,12.75,12.72,12.71,12.54,,50,20
9/1/1984,.,10.8,11.19,11.58,12.2,12.34,12.53,12.6,12.52,12.42,12.29,,50,20
10/1/1984,.,10.12,10.52,10.9,11.6,11.85,12.06,12.16,12.16,12.04,11.98,,50,20
11/1/1984,.,8.92,9.34,9.82,10.65,10.9,11.33,11.49,11.57,11.66,11.56,,50,20
12/1/1984,.,8.34,8.76,9.33,10.18,10.56,11.07,11.45,11.5,11.64,11.52,,50,20
1/1/1985,.,8.02,8.45,9.02,9.93,10.43,10.93,11.27,11.38,11.58,11.45,,50,20
2/1/1985,.,8.56,8.87,9.29,10.17,10.55,11.13,11.44,11.51,11.7,11.47,,50,20
3/1/1985,.,8.83,9.45,9.86,10.71,11.05,11.52,11.82,11.86,12.06,11.81,,50,20
4/1/1985,.,8.22,8.71,9.14,10.09,10.49,11.01,11.34,11.43,11.69,11.47,,50,20
5/1/1985,.,7.73,8.07,8.46,9.39,9.75,10.34,10.72,10.85,11.19,11.05,,50,20
6/1/1985,.,7.18,7.46,7.8,8.69,9.05,9.6,10.08,10.16,10.57,10.45,,50,20
7/1/1985,.,7.32,7.57,7.86,8.77,9.18,9.7,10.16,10.31,10.68,10.5,,50,20
8/1/1985,.,7.37,7.71,8.05,8.94,9.31,9.81,10.2,10.33,10.73,10.56,,50,20
9/1/1985,.,7.33,7.64,8.07,8.98,9.37,9.81,10.24,10.37,10.8,10.61,,50,20
10/1/1985,.,7.4,7.71,8.01,8.86,9.25,9.69,10.11,10.24,10.67,10.5,,50,20
11/1/1985,.,7.48,7.68,7.88,8.58,8.88,9.28,9.62,9.78,10.24,10.06,,50,20
12/1/1985,.,7.33,7.5,7.67,8.15,8.4,8.73,9.11,9.26,9.75,9.54,,50,20
1/1/1986,.,7.3,7.53,7.73,8.14,8.41,8.68,9.03,9.19,9.59,9.4,,50,20
2/1/1986,.,7.29,7.47,7.61,7.97,8.1,8.34,8.58,8.7,9.08,8.93,,50,20
3/1/1986,.,6.76,6.89,7.03,7.21,7.3,7.46,7.67,7.78,8.09,7.96,,50,20
4/1/1986,.,6.24,6.36,6.44,6.7,6.86,7.05,7.16,7.3,7.5,7.39,,50,20
5/1/1986,.,6.33,6.47,6.65,7.07,7.27,7.52,7.65,7.71,7.81,7.52,,50,20
6/1/1986,.,6.4,6.56,6.73,7.18,7.41,7.64,7.75,7.8,7.69,7.57,,50,20
7/1/1986,.,6,6.12,6.27,6.67,6.86,7.06,7.22,7.3,7.29,7.27,,50,20
8/1/1986,.,5.69,5.79,5.93,6.33,6.49,6.8,7.01,7.17,7.28,7.33,,50,20
9/1/1986,.,5.35,5.57,5.77,6.35,6.62,6.92,7.28,7.45,7.56,7.62,,50,20
10/1/1986,.,5.32,5.48,5.72,6.28,6.56,6.83,7.24,7.43,7.61,7.7,,50,20
11/1/1986,.,5.5,5.64,5.8,6.28,6.46,6.76,7.08,7.25,7.42,7.52,,50,20
12/1/1986,.,5.68,5.78,5.87,6.27,6.43,6.67,6.97,7.11,7.28,7.37,,50,20
1/1/1987,.,5.58,5.67,5.78,6.23,6.41,6.64,6.92,7.08,.,7.39,,38.5,28
2/1/1987,.,5.75,5.83,5.96,6.4,6.56,6.79,7.06,7.25,.,7.54,,38.5,28
3/1/1987,.,5.77,5.86,6.03,6.42,6.58,6.79,7.06,7.25,.,7.55,,38.5,28
4/1/1987,.,5.82,6.19,6.5,7.02,7.32,7.57,7.83,8.02,.,8.25,,38.5,28
5/1/1987,.,5.85,6.35,7,7.76,8.02,8.26,8.47,8.61,.,8.78,,38.5,28
6/1/1987,.,5.85,6.28,6.8,7.57,7.82,8.02,8.27,8.4,.,8.57,,38.5,28
7/1/1987,.,5.88,6.05,6.68,7.44,7.74,8.01,8.27,8.45,.,8.64,,38.5,28
8/1/1987,.,6.23,6.46,7.03,7.75,8.03,8.32,8.59,8.76,.,8.97,,38.5,28
9/1/1987,.,6.62,6.99,7.67,8.34,8.67,8.94,9.26,9.42,.,9.59,,38.5,28
10/1/1987,.,6.35,7.04,7.59,8.4,8.75,9.08,9.37,9.52,.,9.61,,38.5,28
11/1/1987,.,5.89,6.5,6.96,7.69,7.99,8.35,8.69,8.86,.,8.95,,38.5,28
12/1/1987,.,5.96,6.68,7.17,7.86,8.13,8.45,8.82,8.99,.,9.12,,38.5,28
1/1/1988,.,6,6.56,6.99,7.63,7.87,8.18,8.48,8.67,.,8.83,,28,28
2/1/1988,.,5.84,6.21,6.64,7.18,7.38,7.71,8.02,8.21,.,8.43,,28,28
3/1/1988,.,5.87,6.18,6.71,7.27,7.5,7.83,8.19,8.37,.,8.63,,28,28
4/1/1988,.,6.08,6.5,7.01,7.59,7.83,8.19,8.52,8.72,.,8.95,,28,28
5/1/1988,.,6.45,6.89,7.4,8,8.24,8.58,8.89,9.09,.,9.23,,28,28
6/1/1988,.,6.66,7.04,7.49,8.03,8.22,8.49,8.78,8.92,.,9,,28,28
7/1/1988,.,6.95,7.35,7.75,8.28,8.44,8.66,8.91,9.06,.,9.14,,28,28
8/1/1988,.,7.3,7.79,8.17,8.63,8.77,8.94,9.13,9.26,.,9.32,,28,28
9/1/1988,.,7.48,7.82,8.09,8.46,8.57,8.69,8.87,8.98,.,9.06,,28,28
10/1/1988,.,7.6,7.9,8.11,8.35,8.43,8.51,8.69,8.8,.,8.89,,28,28
11/1/1988,.,8.03,8.3,8.48,8.67,8.72,8.79,8.89,8.96,.,9.02,,28,28
12/1/1988,.,8.35,8.7,8.99,9.09,9.11,9.09,9.13,9.11,.,9.01,,28,28
1/1/1989,.,8.56,8.85,9.05,9.18,9.2,9.15,9.14,9.09,.,8.93,,28,28
2/1/1989,.,8.84,9.05,9.25,9.37,9.32,9.27,9.23,9.17,.,9.01,,28,28
3/1/1989,.,9.14,9.39,9.57,9.68,9.61,9.51,9.43,9.36,.,9.17,,28,28
4/1/1989,.,8.96,9.17,9.36,9.45,9.4,9.3,9.24,9.18,.,9.03,,28,28
5/1/1989,.,8.74,8.91,8.98,9.02,8.98,8.91,8.88,8.86,.,8.83,,28,28
6/1/1989,.,8.43,8.38,8.44,8.41,8.37,8.29,8.31,8.28,.,8.27,,28,28
7/1/1989,.,8.15,8.01,7.89,7.82,7.83,7.83,7.94,8.02,.,8.08,,28,28
8/1/1989,.,8.17,8.17,8.18,8.14,8.13,8.09,8.11,8.11,.,8.12,,28,28
9/1/1989,.,8.01,8.16,8.22,8.28,8.26,8.17,8.23,8.19,.,8.15,,28,28
10/1/1989,.,7.9,8.03,7.99,7.98,8.02,7.97,8.03,8.01,.,8,,28,28
11/1/1989,.,7.94,7.89,7.77,7.8,7.8,7.81,7.86,7.87,.,7.9,,28,28
12/1/1989,.,7.88,7.81,7.72,7.78,7.77,7.75,7.85,7.84,.,7.9,,28,28
1/1/1990,.,7.9,7.96,7.92,8.09,8.13,8.12,8.2,8.21,.,8.26,,28,28
2/1/1990,.,8,8.12,8.11,8.37,8.39,8.42,8.48,8.47,.,8.5,,28,28
3/1/1990,.,8.17,8.28,8.35,8.63,8.63,8.6,8.65,8.59,.,8.56,,28,28
4/1/1990,.,8.04,8.27,8.4,8.72,8.78,8.77,8.81,8.79,.,8.76,,28,28
5/1/1990,.,8.01,8.19,8.32,8.64,8.69,8.74,8.78,8.76,.,8.73,,28,28
6/1/1990,.,7.99,8.05,8.1,8.35,8.4,8.43,8.52,8.48,.,8.46,,28,28
7/1/1990,.,7.87,7.92,7.94,8.16,8.26,8.33,8.46,8.47,.,8.5,,28,28
8/1/1990,.,7.69,7.77,7.78,8.06,8.22,8.44,8.64,8.75,.,8.86,,28,28
9/1/1990,.,7.6,7.7,7.76,8.08,8.27,8.51,8.79,8.89,.,9.03,,28,28
10/1/1990,.,7.4,7.53,7.55,7.88,8.07,8.33,8.59,8.72,.,8.86,,28,28
11/1/1990,.,7.29,7.39,7.31,7.6,7.74,8.02,8.28,8.39,.,8.54,,28,28
12/1/1990,.,6.95,7.03,7.05,7.31,7.47,7.73,8,8.08,.,8.24,,28,28
1/1/1991,.,6.41,6.58,6.64,7.13,7.38,7.7,7.97,8.09,.,8.27,,31,28
2/1/1991,.,6.12,6.19,6.27,6.87,7.08,7.47,7.73,7.85,.,8.03,,31,28
3/1/1991,.,6.09,6.2,6.4,7.1,7.35,7.77,8,8.11,.,8.29,,31,28
4/1/1991,.,5.83,5.98,6.24,6.95,7.23,7.7,7.92,8.04,.,8.21,,31,28
5/1/1991,.,5.63,5.87,6.13,6.78,7.12,7.7,7.94,8.07,.,8.27,,31,28
6/1/1991,.,5.75,6.02,6.36,6.96,7.39,7.94,8.17,8.28,.,8.47,,31,28
7/1/1991,.,5.75,5.97,6.31,6.92,7.38,7.91,8.15,8.27,.,8.45,,31,28
8/1/1991,.,5.5,5.63,5.78,6.43,6.8,7.43,7.74,7.9,.,8.14,,31,28
9/1/1991,.,5.37,5.48,5.57,6.18,6.5,7.14,7.48,7.65,.,7.95,,31,28
10/1/1991,.,5.14,5.26,5.33,5.91,6.23,6.87,7.25,7.53,.,7.93,,31,28
11/1/1991,.,4.69,4.8,4.89,5.56,5.9,6.62,7.06,7.42,.,7.92,,31,28
12/1/1991,.,4.18,4.26,4.38,5.03,5.39,6.19,6.69,7.09,.,7.7,,31,28
1/1/1992,.,3.91,4.01,4.15,4.96,5.4,6.24,6.7,7.03,.,7.58,,31,28
2/1/1992,.,3.95,4.08,4.29,5.21,5.72,6.58,6.96,7.34,.,7.85,,31,28
3/1/1992,.,4.14,4.33,4.63,5.69,6.18,6.95,7.26,7.54,.,7.97,,31,28
4/1/1992,.,3.84,4,4.3,5.34,5.93,6.78,7.15,7.48,.,7.96,,31,28
5/1/1992,.,3.72,3.88,4.19,5.23,5.81,6.69,7.06,7.39,.,7.89,,31,28
6/1/1992,.,3.75,3.9,4.17,5.05,5.6,6.48,6.9,7.26,.,7.84,,31,28
7/1/1992,.,3.28,3.38,3.6,4.36,4.91,5.84,6.36,6.84,.,7.6,,31,28
8/1/1992,.,3.2,3.31,3.47,4.19,4.72,5.6,6.12,6.59,.,7.39,,31,28
9/1/1992,.,2.97,3.04,3.18,3.89,4.42,5.38,5.96,6.42,.,7.34,,31,28
10/1/1992,.,2.93,3.13,3.3,4.08,4.64,5.6,6.15,6.59,.,7.53,,31,28
11/1/1992,.,3.21,3.44,3.68,4.58,5.14,6.04,6.49,6.87,.,7.61,,31,28
12/1/1992,.,3.29,3.47,3.71,4.67,5.21,6.08,6.46,6.77,.,7.44,,31,28
1/1/1993,.,3.07,3.24,3.5,4.39,4.93,5.83,6.26,6.6,.,7.34,,39.6,28
2/1/1993,.,2.99,3.16,3.39,4.1,4.58,5.43,5.87,6.26,.,7.09,,39.6,28
3/1/1993,.,3.01,3.15,3.33,3.95,4.4,5.19,5.66,5.98,.,6.82,,39.6,28
4/1/1993,.,2.93,3.06,3.24,3.84,4.3,5.13,5.59,5.97,.,6.85,,39.6,28
5/1/1993,.,3.03,3.17,3.36,3.98,4.4,5.2,5.66,6.04,.,6.92,,39.6,28
6/1/1993,.,3.14,3.29,3.54,4.16,4.53,5.22,5.61,5.96,.,6.81,,39.6,28
7/1/1993,.,3.11,3.26,3.47,4.07,4.43,5.09,5.48,5.81,.,6.63,,39.6,28
8/1/1993,.,3.09,3.24,3.44,4,4.36,5.03,5.35,5.68,.,6.32,,39.6,28
9/1/1993,.,3.01,3.15,3.36,3.85,4.17,4.73,5.08,5.36,.,6,,39.6,28
10/1/1993,.,3.09,3.22,3.39,3.87,4.18,4.71,5.05,5.33,6.07,5.94,,39.6,28
11/1/1993,.,3.18,3.36,3.58,4.16,4.5,5.06,5.45,5.72,6.38,6.21,,39.6,28
12/1/1993,.,3.13,3.34,3.61,4.21,4.54,5.15,5.48,5.77,6.4,6.25,,39.6,28
1/1/1994,.,3.04,3.25,3.54,4.14,4.48,5.09,5.43,5.75,6.39,6.29,,39.6,28
2/1/1994,.,3.33,3.53,3.87,4.47,4.83,5.4,5.72,5.97,6.57,6.49,,39.6,28
3/1/1994,.,3.59,3.92,4.32,5,5.4,5.94,6.28,6.48,7,6.91,,39.6,28
4/1/1994,.,3.78,4.25,4.82,5.55,5.99,6.52,6.8,6.97,7.4,7.27,,39.6,28
5/1/1994,.,4.27,4.79,5.31,5.97,6.34,6.78,7.01,7.18,7.54,7.41,,39.6,28
6/1/1994,.,4.25,4.72,5.27,5.93,6.27,6.7,6.91,7.1,7.51,7.4,,39.6,28
7/1/1994,.,4.46,4.95,5.48,6.13,6.48,6.91,7.12,7.3,7.67,7.58,,39.6,28
8/1/1994,.,4.61,5.08,5.56,6.18,6.5,6.88,7.06,7.24,7.62,7.49,,39.6,28
9/1/1994,.,4.75,5.24,5.76,6.39,6.69,7.08,7.28,7.46,7.87,7.71,,39.6,28
10/1/1994,.,5.1,5.62,6.11,6.73,7.04,7.4,7.58,7.74,8.08,7.94,,39.6,28
11/1/1994,.,5.45,5.98,6.54,7.15,7.44,7.72,7.83,7.96,8.2,8.08,,39.6,28
12/1/1994,.,5.76,6.5,7.14,7.59,7.71,7.78,7.8,7.81,7.99,7.87,,39.6,28
1/1/1995,.,5.9,6.51,7.05,7.51,7.66,7.76,7.79,7.78,7.97,7.85,,39.6,28
2/1/1995,.,5.94,6.31,6.7,7.11,7.25,7.37,7.44,7.47,7.73,7.61,,39.6,28
3/1/1995,.,5.91,6.17,6.43,6.78,6.89,7.05,7.14,7.2,7.57,7.45,,39.6,28
4/1/1995,.,5.84,6.05,6.27,6.57,6.68,6.86,6.95,7.06,7.45,7.36,,39.6,28
5/1/1995,.,5.85,5.93,6,6.17,6.27,6.41,6.5,6.63,7.01,6.95,,39.6,28
6/1/1995,.,5.64,5.66,5.64,5.72,5.8,5.93,6.05,6.17,6.59,6.57,,39.6,28
7/1/1995,.,5.59,5.62,5.59,5.78,5.89,6.01,6.2,6.28,6.74,6.72,,39.6,28
8/1/1995,.,5.57,5.65,5.75,5.98,6.1,6.24,6.41,6.49,6.92,6.86,,39.6,28
9/1/1995,.,5.43,5.54,5.62,5.81,5.89,6,6.13,6.2,6.65,6.55,,39.6,28
10/1/1995,.,5.44,5.56,5.59,5.7,5.77,5.86,5.97,6.04,6.45,6.37,,39.6,28
11/1/1995,.,5.52,5.51,5.43,5.48,5.57,5.69,5.83,5.93,6.33,6.26,,39.6,28
12/1/1995,.,5.29,5.35,5.31,5.32,5.39,5.51,5.63,5.71,6.12,6.06,,39.6,28
1/1/1996,.,5.15,5.13,5.09,5.11,5.2,5.36,5.54,5.65,6.11,6.05,,39.6,28
2/1/1996,.,4.96,4.97,4.94,5.03,5.14,5.38,5.64,5.81,6.3,6.24,,39.6,28
3/1/1996,.,5.1,5.16,5.34,5.66,5.79,5.97,6.19,6.27,6.74,6.6,,39.6,28
4/1/1996,.,5.09,5.27,5.54,5.96,6.11,6.3,6.48,6.51,6.98,6.79,,39.6,28
5/1/1996,.,5.15,5.33,5.64,6.1,6.27,6.48,6.66,6.74,7.11,6.93,,39.6,28
6/1/1996,.,5.23,5.46,5.81,6.3,6.49,6.69,6.83,6.91,7.22,7.06,,39.6,28
7/1/1996,.,5.3,5.52,5.85,6.27,6.45,6.64,6.76,6.87,7.14,7.03,,39.6,28
8/1/1996,.,5.19,5.34,5.67,6.03,6.21,6.39,6.52,6.64,6.97,6.84,,39.6,28
9/1/1996,.,5.24,5.45,5.83,6.23,6.41,6.6,6.73,6.83,7.17,7.03,,39.6,28
10/1/1996,.,5.12,5.32,5.55,5.91,6.08,6.27,6.42,6.53,6.9,6.81,,39.6,28
11/1/1996,.,5.17,5.27,5.42,5.7,5.82,5.97,6.1,6.2,6.58,6.48,,39.6,28
12/1/1996,.,5.04,5.24,5.47,5.78,5.91,6.07,6.2,6.3,6.65,6.55,,39.6,28
1/1/1997,.,5.17,5.31,5.61,6.01,6.16,6.33,6.47,6.58,6.91,6.83,,39.6,28
2/1/1997,.,5.14,5.27,5.53,5.9,6.03,6.2,6.32,6.42,6.77,6.69,,39.6,28
3/1/1997,.,5.28,5.48,5.8,6.22,6.38,6.54,6.65,6.69,7.05,6.93,,39.6,28
4/1/1997,.,5.3,5.6,5.99,6.45,6.61,6.76,6.86,6.89,7.2,7.09,,39.6,28
5/1/1997,.,5.2,5.53,5.87,6.28,6.42,6.57,6.66,6.71,7.02,6.94,,39.6,28
6/1/1997,.,5.07,5.34,5.69,6.09,6.24,6.38,6.46,6.49,6.84,6.77,,39.6,28
7/1/1997,.,5.19,5.33,5.54,5.89,6,6.12,6.2,6.22,6.56,6.51,,39.6,28
8/1/1997,.,5.28,5.4,5.56,5.94,6.06,6.16,6.29,6.3,6.65,6.58,,39.6,28
9/1/1997,.,5.08,5.3,5.52,5.88,5.98,6.11,6.2,6.21,6.56,6.5,,39.6,28
10/1/1997,.,5.11,5.3,5.46,5.77,5.84,5.93,6.05,6.03,6.38,6.33,,39.6,28
11/1/1997,.,5.28,5.38,5.46,5.71,5.76,5.8,5.9,5.88,6.2,6.11,,39.6,28
12/1/1997,.,5.3,5.45,5.53,5.72,5.74,5.77,5.83,5.81,6.07,5.99,,39.6,28
1/1/1998,.,5.18,5.23,5.24,5.36,5.38,5.42,5.53,5.54,5.88,5.81,,39.6,28
2/1/1998,.,5.23,5.27,5.31,5.42,5.43,5.49,5.6,5.57,5.96,5.89,,39.6,28
3/1/1998,.,5.16,5.25,5.39,5.56,5.57,5.61,5.71,5.65,6.01,5.95,,39.6,28
4/1/1998,.,5.08,5.26,5.38,5.56,5.58,5.61,5.7,5.64,6,5.92,,39.6,28
5/1/1998,.,5.14,5.36,5.44,5.59,5.61,5.63,5.72,5.65,6.01,5.93,,39.6,28
6/1/1998,.,5.12,5.32,5.41,5.52,5.52,5.52,5.56,5.5,5.8,5.7,,39.6,28
7/1/1998,.,5.09,5.23,5.36,5.46,5.47,5.46,5.52,5.46,5.78,5.68,,39.6,28
8/1/1998,.,5.04,5.15,5.21,5.27,5.24,5.27,5.36,5.34,5.66,5.54,,39.6,28
9/1/1998,.,4.74,4.81,4.71,4.67,4.62,4.62,4.76,4.81,5.38,5.2,,39.6,28
10/1/1998,.,4.07,4.2,4.12,4.09,4.18,4.18,4.46,4.53,5.3,5.01,,39.6,28
11/1/1998,.,4.53,4.59,4.53,4.54,4.57,4.54,4.78,4.83,5.48,5.25,,39.6,28
12/1/1998,.,4.5,4.57,4.52,4.51,4.48,4.45,4.65,4.65,5.36,5.06,,39.6,28
1/1/1999,.,4.45,4.49,4.51,4.62,4.61,4.6,4.8,4.72,5.45,5.16,,39.6,28
2/1/1999,.,4.56,4.61,4.7,4.88,4.9,4.91,5.1,5,5.66,5.37,,39.6,28
3/1/1999,.,4.57,4.65,4.78,5.05,5.11,5.14,5.36,5.23,5.87,5.58,,39.6,28
4/1/1999,.,4.41,4.54,4.69,4.98,5.03,5.08,5.28,5.18,5.82,5.55,,39.6,28
5/1/1999,.,4.63,4.75,4.85,5.25,5.33,5.44,5.64,5.54,6.08,5.81,,39.6,28
6/1/1999,.,4.72,5.03,5.1,5.62,5.7,5.81,6.05,5.9,6.36,6.04,,39.6,28
7/1/1999,.,4.69,4.75,5.03,5.55,5.62,5.68,5.94,5.79,6.28,5.98,,39.6,28
8/1/1999,.,4.87,5.09,5.2,5.68,5.77,5.84,6.15,5.94,6.43,6.07,,39.6,28
9/1/1999,.,4.82,5.08,5.25,5.66,5.75,5.8,6.12,5.92,6.5,6.07,,39.6,28
10/1/1999,.,5.02,5.2,5.43,5.86,5.94,6.03,6.33,6.11,6.66,6.26,,39.6,28
11/1/1999,.,5.23,5.43,5.55,5.86,5.92,5.97,6.17,6.03,6.48,6.15,,39.6,28
12/1/1999,.,5.36,5.68,5.84,6.1,6.14,6.19,6.38,6.28,6.69,6.35,,39.6,28
1/1/2000,.,5.5,5.76,6.12,6.44,6.49,6.58,6.7,6.66,6.86,6.63,,39.6,28
2/1/2000,.,5.73,6,6.22,6.61,6.65,6.68,6.72,6.52,6.54,6.23,,39.6,28
3/1/2000,.,5.86,6.11,6.22,6.53,6.53,6.5,6.51,6.26,6.38,6.05,,39.6,28
4/1/2000,.,5.82,6.07,6.15,6.4,6.36,6.26,6.27,5.99,6.18,5.85,,39.6,28
5/1/2000,.,5.99,6.39,6.33,6.81,6.77,6.69,6.69,6.44,6.55,6.15,,39.6,28
6/1/2000,.,5.86,6.24,6.17,6.48,6.43,6.3,6.33,6.1,6.28,5.93,,39.6,28
7/1/2000,.,6.14,6.27,6.08,6.34,6.28,6.18,6.22,6.05,6.2,5.85,,39.6,28
8/1/2000,.,6.28,6.35,6.18,6.23,6.17,6.06,6.05,5.83,6.02,5.72,,39.6,28
9/1/2000,.,6.18,6.25,6.13,6.08,6.02,5.93,5.98,5.8,6.09,5.83,,39.6,28
10/1/2000,.,6.29,6.32,6.01,5.91,5.85,5.78,5.84,5.74,6.04,5.8,,39.6,28
11/1/2000,.,6.36,6.34,6.09,5.88,5.79,5.7,5.78,5.72,5.98,5.78,,39.6,28
12/1/2000,.,5.94,5.92,5.6,5.35,5.26,5.17,5.28,5.24,5.64,5.49,,39.6,28
1/1/2001,.,5.29,5.15,4.81,4.76,4.77,4.86,5.13,5.16,5.65,5.54,,39.1,20
2/1/2001,.,5.01,4.89,4.68,4.66,4.71,4.89,5.1,5.1,5.62,5.45,,39.1,20
3/1/2001,.,4.54,4.44,4.3,4.34,4.43,4.64,4.88,4.89,5.49,5.34,,39.1,20
4/1/2001,.,3.97,3.99,3.98,4.23,4.42,4.76,5.03,5.14,5.78,5.65,,39.1,20
5/1/2001,.,3.7,3.74,3.78,4.26,4.51,4.93,5.24,5.39,5.92,5.78,,39.1,20
6/1/2001,.,3.57,3.56,3.58,4.08,4.35,4.81,5.14,5.28,5.82,5.67,,39.1,20
7/1/2001,3.67,3.59,3.56,3.62,4.04,4.31,4.76,5.06,5.24,5.75,5.61,,39.1,20
8/1/2001,3.53,3.44,3.39,3.47,3.76,4.04,4.57,4.84,4.97,5.58,5.48,,39.1,20
9/1/2001,2.68,2.69,2.71,2.82,3.12,3.45,4.12,4.51,4.73,5.53,5.48,,39.1,20
10/1/2001,2.27,2.2,2.17,2.33,2.73,3.14,3.91,4.31,4.57,5.34,5.32,,39.1,20
11/1/2001,1.99,1.91,1.92,2.18,2.78,3.22,3.97,4.42,4.65,5.33,5.12,,39.1,20
12/1/2001,1.72,1.72,1.82,2.22,3.11,3.62,4.39,4.86,5.09,5.76,5.48,,39.1,20
1/1/2002,1.68,1.68,1.77,2.16,3.03,3.56,4.34,4.79,5.04,5.69,5.45,,38.6,20
2/1/2002,1.74,1.76,1.86,2.23,3.02,3.55,4.3,4.71,4.91,5.61,5.4,,38.6,20
3/1/2002,1.79,1.83,2.06,2.57,3.56,4.14,4.74,5.14,5.28,5.93,.,,38.6,20
4/1/2002,1.72,1.75,1.98,2.48,3.42,4.01,4.65,5.02,5.21,5.85,.,,38.6,20
5/1/2002,1.74,1.76,1.91,2.35,3.26,3.8,4.49,4.9,5.16,5.81,.,,38.6,20
6/1/2002,1.72,1.73,1.83,2.2,2.99,3.49,4.19,4.6,4.93,5.65,.,,38.6,20
7/1/2002,1.72,1.71,1.74,1.96,2.56,3.01,3.81,4.3,4.65,5.51,.,,38.6,20
8/1/2002,1.68,1.65,1.64,1.76,2.13,2.52,3.29,3.88,4.26,5.19,.,,38.6,20
9/1/2002,1.67,1.66,1.64,1.72,2,2.32,2.94,3.5,3.87,4.87,.,,38.6,20
10/1/2002,1.62,1.61,1.59,1.65,1.91,2.25,2.95,3.54,3.94,5,.,,38.6,20
11/1/2002,1.26,1.25,1.3,1.49,1.92,2.32,3.05,3.64,4.05,5.04,.,,38.6,20
12/1/2002,1.2,1.21,1.27,1.45,1.84,2.23,3.03,3.63,4.03,5.01,.,,38.6,20
1/1/2003,1.17,1.19,1.22,1.36,1.74,2.18,3.05,3.6,4.05,5.02,.,1.65,35,15
2/1/2003,1.2,1.19,1.2,1.3,1.63,2.05,2.9,3.45,3.9,4.87,.,1.24,35,15
3/1/2003,1.18,1.15,1.16,1.24,1.57,1.98,2.78,3.34,3.81,4.82,.,1.09,35,15
4/1/2003,1.16,1.15,1.17,1.27,1.62,2.06,2.93,3.47,3.96,4.91,.,1.36,35,15
5/1/2003,1.08,1.09,1.11,1.18,1.42,1.75,2.52,3.07,3.57,4.52,.,1.18,35,15
6/1/2003,0.97,0.94,0.94,1.01,1.23,1.51,2.27,2.84,3.33,4.34,.,0.91,35,15
7/1/2003,0.9,0.92,0.97,1.12,1.47,1.93,2.87,3.45,3.98,4.92,.,1.30,35,15
8/1/2003,0.95,0.97,1.05,1.31,1.86,2.44,3.37,3.96,4.45,5.39,.,1.48,35,15
9/1/2003,0.91,0.96,1.03,1.24,1.71,2.23,3.18,3.74,4.27,5.21,.,1.29,35,15
10/1/2003,0.91,0.94,1.02,1.25,1.75,2.26,3.19,3.75,4.29,5.21,.,1.21,35,15
11/1/2003,0.94,0.95,1.04,1.34,1.93,2.45,3.29,3.81,4.3,5.17,.,1.27,35,15
12/1/2003,0.89,0.91,1.01,1.31,1.91,2.44,3.27,3.79,4.27,5.11,.,1.23,35,15
1/1/2004,0.85,0.9,0.99,1.24,1.76,2.27,3.12,3.65,4.15,5.01,.,1.09,35,15
2/1/2004,0.92,0.94,1.01,1.24,1.74,2.25,3.07,3.59,4.08,4.94,.,0.86,35,15
3/1/2004,0.96,0.95,1.01,1.19,1.58,2,2.79,3.31,3.83,4.72,.,0.52,35,15
4/1/2004,0.91,0.96,1.11,1.43,2.07,2.57,3.39,3.89,4.35,5.16,.,1.02,35,15
5/1/2004,0.91,1.04,1.33,1.78,2.53,3.1,3.85,4.31,4.72,5.46,.,1.34,35,15
6/1/2004,1.05,1.29,1.64,2.12,2.76,3.26,3.93,4.35,4.73,5.45,.,1.41,35,15
7/1/2004,1.19,1.36,1.7,2.1,2.64,3.05,3.69,4.11,4.5,5.24,.,1.29,35,15
8/1/2004,1.37,1.5,1.76,2.02,2.51,2.88,3.47,3.9,4.28,5.07,.,1.12,35,15
9/1/2004,1.55,1.68,1.91,2.12,2.53,2.83,3.36,3.75,4.13,4.89,.,1.10,35,15
10/1/2004,1.63,1.79,2.05,2.23,2.58,2.85,3.35,3.75,4.1,4.85,.,0.97,35,15
11/1/2004,1.92,2.11,2.32,2.5,2.85,3.09,3.53,3.88,4.19,4.89,.,0.90,35,15
12/1/2004,1.96,2.22,2.5,2.67,3.01,3.21,3.6,3.93,4.23,4.88,.,0.92,35,15
1/1/2005,2.05,2.37,2.68,2.86,3.22,3.39,3.71,3.97,4.22,4.77,.,1.13,35,15
2/1/2005,2.36,2.58,2.85,3.03,3.38,3.54,3.77,3.97,4.17,4.61,.,1.08,35,15
3/1/2005,2.65,2.8,3.09,3.3,3.73,3.91,4.17,4.33,4.5,4.89,.,1.29,35,15
4/1/2005,2.64,2.84,3.14,3.32,3.65,3.79,4,4.16,4.34,4.75,.,1.23,35,15
5/1/2005,2.65,2.9,3.17,3.33,3.64,3.72,3.85,3.94,4.14,4.56,.,1.28,35,15
6/1/2005,2.83,3.04,3.22,3.36,3.64,3.69,3.77,3.86,4,4.35,.,1.39,35,15
7/1/2005,3.1,3.29,3.53,3.64,3.87,3.91,3.98,4.06,4.18,4.48,.,1.67,35,15
8/1/2005,3.34,3.52,3.78,3.87,4.04,4.08,4.12,4.18,4.26,4.53,.,1.71,35,15
9/1/2005,3.23,3.49,3.79,3.85,3.95,3.96,4.01,4.08,4.2,4.51,.,1.40,35,15
10/1/2005,3.51,3.79,4.13,4.18,4.27,4.29,4.33,4.38,4.46,4.74,.,1.70,35,15
11/1/2005,3.91,3.97,4.3,4.33,4.42,4.43,4.45,4.48,4.54,4.83,.,1.97,35,15
12/1/2005,3.69,3.97,4.33,4.35,4.4,4.39,4.39,4.41,4.47,4.73,.,2.09,35,15
1/1/2006,4.12,4.34,4.47,4.45,4.4,4.35,4.35,4.37,4.42,4.65,.,1.93,35,15
2/1/2006,4.38,4.54,4.69,4.68,4.67,4.64,4.57,4.56,4.57,4.73,4.54,1.98,35,15
3/1/2006,4.55,4.63,4.79,4.77,4.73,4.74,4.72,4.71,4.72,4.91,4.73,2.09,35,15
4/1/2006,4.61,4.72,4.9,4.9,4.89,4.89,4.9,4.94,4.99,5.22,5.06,2.26,35,15
5/1/2006,4.7,4.84,5.01,5,4.97,4.97,5,5.03,5.11,5.35,5.2,2.30,35,15
6/1/2006,4.71,4.92,5.17,5.16,5.12,5.09,5.07,5.08,5.11,5.29,5.15,2.45,35,15
7/1/2006,4.9,5.08,5.27,5.22,5.12,5.07,5.04,5.05,5.09,5.25,5.13,2.46,35,15
8/1/2006,5.16,5.09,5.17,5.08,4.9,4.85,4.82,4.83,4.88,5.08,5,2.27,35,15
9/1/2006,4.77,4.93,5.08,4.97,4.77,4.69,4.67,4.68,4.72,4.93,4.85,2.38,35,15
10/1/2006,4.97,5.05,5.12,5.01,4.8,4.72,4.69,4.69,4.73,4.94,4.85,2.51,35,15
11/1/2006,5.21,5.07,5.15,5.01,4.74,4.64,4.58,4.58,4.6,4.78,4.69,2.41,35,15
12/1/2006,4.87,4.97,5.07,4.94,4.67,4.58,4.53,4.54,4.56,4.78,4.68,2.28,35,15
1/1/2007,4.94,5.11,5.15,5.06,4.88,4.79,4.75,4.75,4.76,4.95,4.85,2.47,35,15
2/1/2007,5.18,5.16,5.16,5.05,4.85,4.75,4.71,4.71,4.72,4.93,4.82,2.34,35,15
3/1/2007,5.21,5.08,5.1,4.92,4.57,4.51,4.48,4.5,4.56,4.81,4.72,2.04,35,15
4/1/2007,4.99,5.01,5.07,4.93,4.67,4.6,4.59,4.62,4.69,4.95,4.87,2.12,35,15
5/1/2007,4.82,4.87,4.98,4.91,4.77,4.69,4.67,4.69,4.75,4.98,4.9,2.29,35,15
6/1/2007,4.52,4.74,4.95,4.96,4.98,5,5.03,5.05,5.1,5.29,5.2,2.65,35,15
7/1/2007,4.82,4.96,5.04,4.96,4.82,4.82,4.88,4.93,5,5.19,5.11,2.60,35,15
8/1/2007,4.2,4.32,4.55,4.47,4.31,4.34,4.43,4.53,4.67,5,4.93,2.39,35,15
9/1/2007,3.78,3.99,4.2,4.14,4.01,4.06,4.2,4.33,4.52,4.84,4.79,2.14,35,15
10/1/2007,3.81,4,4.16,4.1,3.97,4.01,4.2,4.33,4.53,4.83,4.77,2.01,35,15
11/1/2007,3.68,3.35,3.58,3.5,3.34,3.35,3.67,3.87,4.15,4.56,4.52,1.35,35,15
12/1/2007,2.86,3.07,3.34,3.26,3.12,3.13,3.49,3.74,4.1,4.57,4.53,1.27,35,15
1/1/2008,2.74,2.82,2.84,2.71,2.48,2.51,2.98,3.31,3.74,4.35,4.33,0.86,35,15
2/1/2008,2.27,2.17,2.1,2.05,1.97,2.19,2.78,3.21,3.74,4.49,4.52,0.65,35,15
3/1/2008,1.35,1.28,1.51,1.54,1.62,1.8,2.48,2.93,3.51,4.36,4.39,0.23,35,15
4/1/2008,1.07,1.31,1.58,1.74,2.05,2.23,2.84,3.19,3.68,4.44,4.44,0.62,35,15
5/1/2008,1.76,1.76,1.86,2.06,2.45,2.69,3.15,3.46,3.88,4.6,4.6,0.79,35,15
6/1/2008,1.72,1.89,2.19,2.42,2.77,3.08,3.49,3.73,4.1,4.74,4.69,0.97,35,15
7/1/2008,1.6,1.66,1.98,2.28,2.57,2.87,3.3,3.6,4.01,4.62,4.57,0.84,35,15
8/1/2008,1.68,1.75,1.97,2.18,2.42,2.7,3.14,3.46,3.89,4.53,4.5,1.15,35,15
9/1/2008,0.89,1.15,1.64,1.91,2.08,2.32,2.88,3.25,3.69,4.32,4.27,1.55,35,15
10/1/2008,0.29,0.69,1.23,1.42,1.61,1.86,2.73,3.19,3.81,4.45,4.17,2.75,35,15
11/1/2008,0.09,0.19,0.74,1.07,1.21,1.51,2.29,2.82,3.53,4.27,4,3.69,35,15
12/1/2008,0.03,0.03,0.26,0.49,0.82,1.07,1.52,1.89,2.42,3.18,2.87,1.76,35,15
1/1/2009,0.05,0.13,0.3,0.44,0.81,1.13,1.6,1.98,2.52,3.46,3.13,1.59,35,15
2/1/2009,0.22,0.3,0.46,0.62,0.98,1.37,1.87,2.3,2.87,3.83,3.59,1.29,35,15
3/1/2009,0.1,0.22,0.43,0.64,0.93,1.31,1.82,2.42,2.82,3.78,3.64,1.23,35,15
4/1/2009,0.1,0.16,0.35,0.55,0.93,1.32,1.86,2.47,2.93,3.84,3.76,1.11,35,15
5/1/2009,0.14,0.18,0.3,0.5,0.93,1.39,2.13,2.81,3.29,4.22,4.23,1.07,35,15
6/1/2009,0.1,0.18,0.31,0.51,1.18,1.76,2.71,3.37,3.72,4.51,4.52,1.18,35,15
7/1/2009,0.15,0.18,0.28,0.48,1.02,1.55,2.46,3.14,3.56,4.38,4.41,1.18,35,15
8/1/2009,0.12,0.17,0.27,0.46,1.12,1.65,2.57,3.21,3.59,4.33,4.37,1.29,35,15
9/1/2009,0.06,0.12,0.21,0.4,0.96,1.48,2.37,3.02,3.4,4.14,4.19,1.03,35,15
10/1/2009,0.04,0.07,0.16,0.37,0.95,1.46,2.33,2.96,3.39,4.16,4.19,0.83,35,15
11/1/2009,0.05,0.05,0.15,0.31,0.8,1.32,2.23,2.92,3.4,4.24,4.31,0.48,35,15
12/1/2009,0.03,0.05,0.17,0.37,0.87,1.38,2.34,3.07,3.59,4.4,4.49,0.43,35,15
1/1/2010,0.02,0.06,0.15,0.35,0.93,1.49,2.48,3.21,3.73,4.5,4.6,0.42,35,15
2/1/2010,0.06,0.11,0.18,0.35,0.86,1.4,2.36,3.12,3.69,4.48,4.62,0.42,35,15
3/1/2010,0.12,0.15,0.23,0.4,0.96,1.51,2.43,3.16,3.73,4.49,4.64,0.56,35,15
4/1/2010,0.15,0.16,0.24,0.45,1.06,1.64,2.58,3.28,3.85,4.53,4.69,0.62,35,15
5/1/2010,0.15,0.16,0.22,0.37,0.83,1.32,2.18,2.86,3.42,4.11,4.29,0.41,35,15
6/1/2010,0.08,0.12,0.19,0.32,0.72,1.17,2,2.66,3.2,3.95,4.13,0.34,35,15
7/1/2010,0.16,0.16,0.2,0.29,0.62,0.98,1.76,2.43,3.01,3.8,3.99,0.34,35,15
8/1/2010,0.15,0.16,0.19,0.26,0.52,0.78,1.47,2.1,2.7,3.52,3.8,0.13,35,15
9/1/2010,0.12,0.15,0.19,0.26,0.48,0.74,1.41,2.05,2.65,3.47,3.77,0.13,35,15
10/1/2010,0.14,0.13,0.18,0.23,0.38,0.57,1.18,1.85,2.54,3.52,3.87,-0.32,35,15
11/1/2010,0.13,0.14,0.18,0.25,0.45,0.67,1.35,2.02,2.76,3.82,4.19,-0.21,35,15
12/1/2010,0.09,0.14,0.19,0.29,0.62,0.99,1.93,2.66,3.29,4.17,4.42,0.21,35,15
1/1/2011,0.14,0.15,0.18,0.27,0.61,1.03,1.99,2.72,3.39,4.28,4.52,0.06,35,15
2/1/2011,0.11,0.13,0.17,0.29,0.77,1.28,2.26,2.96,3.58,4.42,4.65,0.25,35,15
3/1/2011,0.06,0.1,0.16,0.26,0.7,1.17,2.11,2.8,3.41,4.27,4.51,-0.09,35,15
4/1/2011,0.03,0.06,0.12,0.25,0.73,1.21,2.17,2.84,3.46,4.28,4.5,-0.14,35,15
5/1/2011,0.02,0.04,0.09,0.19,0.56,0.94,1.84,2.51,3.17,4.01,4.29,-0.34,35,15
6/1/2011,0.02,0.04,0.1,0.18,0.41,0.71,1.58,2.29,3,3.91,4.23,-0.38,35,15
7/1/2011,0.04,0.04,0.08,0.19,0.41,0.68,1.54,2.28,3,3.95,4.27,-0.49,35,15
8/1/2011,0.02,0.02,0.06,0.11,0.23,0.38,1.02,1.63,2.3,3.24,3.65,-0.75,35,15
9/1/2011,0.01,0.01,0.04,0.1,0.21,0.35,0.9,1.42,1.98,2.83,3.18,-0.72,35,15
10/1/2011,0.01,0.02,0.05,0.11,0.28,0.47,1.06,1.62,2.15,2.87,3.13,-0.63,35,15
11/1/2011,0.01,0.01,0.05,0.11,0.25,0.39,0.91,1.45,2.01,2.72,3.02,-0.85,35,15
12/1/2011,0,0.01,0.05,0.12,0.26,0.39,0.89,1.43,1.98,2.67,2.98,-0.78,35,15
1/1/2012,0.02,0.03,0.07,0.12,0.24,0.36,0.84,1.38,1.97,2.7,3.03,-0.92,35,15
2/1/2012,0.06,0.09,0.12,0.16,0.28,0.38,0.83,1.37,1.97,2.75,3.11,-1.11,35,15
3/1/2012,0.06,0.08,0.14,0.19,0.34,0.51,1.02,1.56,2.17,2.94,3.28,-1.03,35,15
4/1/2012,0.07,0.08,0.14,0.18,0.29,0.43,0.89,1.43,2.05,2.82,3.18,-1.06,35,15
5/1/2012,0.07,0.09,0.15,0.19,0.29,0.39,0.76,1.21,1.8,2.53,2.93,-1.12,35,15
6/1/2012,0.05,0.09,0.15,0.19,0.29,0.39,0.71,1.08,1.62,2.31,2.7,-1.05,35,15
7/1/2012,0.07,0.1,0.15,0.19,0.25,0.33,0.62,0.98,1.53,2.22,2.59,-1.15,35,15
8/1/2012,0.09,0.1,0.14,0.18,0.27,0.37,0.71,1.14,1.68,2.4,2.77,-1.19,35,15
9/1/2012,0.08,0.11,0.14,0.18,0.26,0.34,0.67,1.12,1.72,2.49,2.88,-1.47,35,15
10/1/2012,0.11,0.1,0.15,0.18,0.28,0.37,0.71,1.15,1.75,2.51,2.9,-1.47,35,15
11/1/2012,0.12,0.09,0.14,0.18,0.27,0.36,0.67,1.08,1.65,2.39,2.8,-1.38,35,15
12/1/2012,0.04,0.07,0.12,0.16,0.26,0.35,0.7,1.13,1.72,2.47,2.88,-1.40,35,15
1/1/2013,0.05,0.07,0.11,0.15,0.27,0.39,0.81,1.3,1.91,2.68,3.08,-1.39,39.6,23.8
2/1/2013,0.08,0.1,0.12,0.16,0.27,0.4,0.85,1.35,1.98,2.78,3.17,-1.39,39.6,23.8
3/1/2013,0.08,0.09,0.11,0.15,0.26,0.39,0.82,1.32,1.96,2.78,3.16,-1.43,39.6,23.8
4/1/2013,0.05,0.06,0.09,0.12,0.23,0.34,0.71,1.15,1.76,2.55,2.93,-1.38,39.6,23.8
5/1/2013,0.02,0.04,0.08,0.12,0.25,0.4,0.84,1.31,1.93,2.73,3.11,-1.14,39.6,23.8
6/1/2013,0.03,0.05,0.09,0.14,0.33,0.58,1.2,1.71,2.3,3.07,3.4,-0.59,39.6,23.8
7/1/2013,0.02,0.04,0.07,0.12,0.34,0.64,1.4,1.99,2.58,3.31,3.61,-0.45,39.6,23.8
8/1/2013,0.04,0.04,0.07,0.13,0.36,0.7,1.52,2.15,2.74,3.49,3.76,-0.33,39.6,23.8
9/1/2013,0.02,0.02,0.04,0.12,0.4,0.78,1.6,2.22,2.81,3.53,3.79,-0.17,39.6,23.8
10/1/2013,0.11,0.05,0.08,0.12,0.34,0.63,1.37,1.99,2.62,3.38,3.68,-0.41,39.6,23.8
11/1/2013,0.05,0.07,0.1,0.12,0.3,0.58,1.37,2.07,2.72,3.5,3.8,-0.38,39.6,23.8
12/1/2013,0.02,0.07,0.1,0.13,0.34,0.69,1.58,2.29,2.9,3.63,3.89,-0.09,39.6,23.8
1/1/2014,0.02,0.04,0.07,0.12,0.39,0.78,1.65,2.29,2.86,3.52,3.77,-0.09,39.6,23.8
2/1/2014,0.05,0.05,0.08,0.12,0.33,0.69,1.52,2.15,2.71,3.38,3.66,-0.26,39.6,23.8
3/1/2014,0.05,0.05,0.08,0.13,0.4,0.82,1.64,2.23,2.72,3.35,3.62,-0.14,39.6,23.8
4/1/2014,0.02,0.03,0.05,0.11,0.42,0.88,1.7,2.27,2.71,3.27,3.52,-0.11,39.6,23.8
5/1/2014,0.03,0.03,0.05,0.1,0.39,0.83,1.59,2.12,2.56,3.12,3.39,-0.34,39.6,23.8
6/1/2014,0.02,0.04,0.06,0.1,0.45,0.9,1.68,2.19,2.6,3.15,3.42,-0.29,39.6,23.8
7/1/2014,0.02,0.03,0.06,0.11,0.51,0.97,1.7,2.17,2.54,3.07,3.33,-0.27,39.6,23.8
8/1/2014,0.03,0.03,0.05,0.11,0.47,0.93,1.63,2.08,2.42,2.94,3.2,-0.21,39.6,23.8
9/1/2014,0.01,0.02,0.04,0.11,0.57,1.05,1.77,2.22,2.53,3.01,3.26,0.10,39.6,23.8
10/1/2014,0.02,0.02,0.05,0.1,0.45,0.88,1.55,1.98,2.3,2.77,3.04,0.06,39.6,23.8
11/1/2014,0.04,0.02,0.07,0.13,0.53,0.96,1.62,2.03,2.33,2.76,3.04,0.14,39.6,23.8
12/1/2014,0.03,0.03,0.11,0.21,0.64,1.06,1.64,1.98,2.21,2.55,2.83,0.37,39.6,23.8
1/1/2015,0.02,0.03,0.08,0.2,0.55,0.9,1.37,1.67,1.88,2.2,2.46,0.17,39.6,23.8
2/1/2015,0.02,0.02,0.07,0.22,0.62,0.99,1.47,1.79,1.98,2.34,2.57,0.11,39.6,23.8
3/1/2015,0.02,0.03,0.11,0.25,0.64,1.02,1.52,1.84,2.04,2.41,2.63,0.04,39.6,23.8
4/1/2015,0.02,0.02,0.09,0.23,0.54,0.87,1.35,1.69,1.94,2.33,2.59,-0.26,39.6,23.8
5/1/2015,0.01,0.02,0.08,0.24,0.61,0.98,1.54,1.93,2.2,2.69,2.96,-0.10,39.6,23.8
6/1/2015,0.01,0.02,0.09,0.28,0.69,1.07,1.68,2.1,2.36,2.85,3.11,0.05,39.6,23.8
7/1/2015,0.03,0.03,0.12,0.3,0.67,1.03,1.63,2.04,2.32,2.77,3.07,0.14,39.6,23.8
8/1/2015,0.04,0.07,0.22,0.38,0.7,1.03,1.54,1.91,2.17,2.55,2.86,0.31,39.6,23.8
9/1/2015,0.01,0.02,0.18,0.37,0.71,1.01,1.49,1.88,2.17,2.62,2.95,0.33,39.6,23.8
10/1/2015,0.01,0.02,0.11,0.26,0.64,0.93,1.39,1.76,2.07,2.5,2.89,0.21,39.6,23.8
11/1/2015,0.07,0.13,0.33,0.48,0.88,1.2,1.67,2.02,2.26,2.69,3.03,0.40,39.6,23.8
12/1/2015,0.17,0.23,0.5,0.65,0.98,1.28,1.7,2.04,2.24,2.61,2.97,0.46,39.6,23.8
1/1/2016,0.23,0.26,0.43,0.54,0.9,1.14,1.52,1.85,2.09,2.49,2.86,0.33,39.6,23.8
2/1/2016,0.26,0.31,0.45,0.53,0.73,0.9,1.22,1.53,1.78,2.2,2.62,0.14,39.6,23.8
3/1/2016,0.25,0.3,0.47,0.66,0.88,1.04,1.38,1.68,1.89,2.28,2.68,-0.03,39.6,23.8
4/1/2016,0.19,0.23,0.37,0.56,0.77,0.92,1.26,1.57,1.81,2.21,2.62,-0.22,39.6,23.8
5/1/2016,0.23,0.28,0.42,0.59,0.82,0.97,1.3,1.6,1.81,2.22,2.63,-0.22,39.6,23.8
6/1/2016,0.22,0.27,0.4,0.55,0.73,0.86,1.17,1.44,1.64,2.02,2.45,-0.27,39.6,23.8
7/1/2016,0.26,0.3,0.4,0.51,0.67,0.79,1.07,1.33,1.5,1.82,2.23,-0.32,39.6,23.8
8/1/2016,0.26,0.3,0.45,0.57,0.74,0.85,1.13,1.4,1.56,1.89,2.26,-0.17,39.6,23.8
9/1/2016,0.19,0.29,0.47,0.59,0.77,0.9,1.18,1.46,1.63,2.02,2.35,-0.17,39.6,23.8
10/1/2016,0.24,0.33,0.48,0.66,0.84,0.99,1.27,1.56,1.76,2.17,2.5,-0.26,39.6,23.8
11/1/2016,0.3,0.45,0.58,0.74,0.98,1.22,1.6,1.93,2.14,2.54,2.86,-0.07,39.6,23.8
12/1/2016,0.42,0.51,0.64,0.87,1.2,1.49,1.96,2.29,2.49,2.84,3.11,0.15,39.6,23.8
1/1/2017,0.5,0.52,0.62,0.83,1.21,1.48,1.92,2.23,2.43,2.75,3.02,0.03,39.6,23.8
2/1/2017,0.48,0.53,0.65,0.82,1.2,1.47,1.9,2.22,2.42,2.76,3.03,0.01,39.6,23.8
3/1/2017,0.66,0.75,0.89,1.01,1.31,1.59,2.01,2.3,2.48,2.83,3.08,0.18,39.6,23.8
4/1/2017,0.75,0.81,0.95,1.04,1.24,1.44,1.82,2.1,2.3,2.67,2.94,0.08,39.6,23.8
5/1/2017,0.73,0.9,1.04,1.12,1.3,1.48,1.84,2.11,2.3,2.7,2.96,0.09,39.6,23.8
6/1/2017,0.84,1,1.11,1.2,1.34,1.49,1.77,2.01,2.19,2.54,2.8,0.14,39.6,23.8
7/1/2017,0.97,1.09,1.13,1.22,1.37,1.54,1.87,2.13,2.32,2.65,2.88,0.23,39.6,23.8
8/1/2017,0.98,1.03,1.13,1.23,1.34,1.48,1.78,2.03,2.21,2.55,2.8,0.16,39.6,23.8
9/1/2017,0.99,1.05,1.17,1.28,1.38,1.51,1.8,2.03,2.2,2.53,2.78,0.12,39.6,23.8
10/1/2017,1,1.09,1.25,1.4,1.55,1.68,1.98,2.2,2.36,2.65,2.88,0.25,39.6,23.8
11/1/2017,1.09,1.25,1.39,1.56,1.7,1.81,2.05,2.23,2.35,2.6,2.8,0.30,39.6,23.8
12/1/2017,1.2,1.34,1.5,1.7,1.84,1.96,2.18,2.32,2.4,2.6,2.77,0.42,39.6,23.8
1/1/2018,1.3,1.43,1.62,1.8,2.03,2.15,2.38,2.51,2.58,2.73,2.88,0.45,37,20
2/1/2018,1.38,1.59,1.79,1.96,2.18,2.36,2.6,2.78,2.86,3.02,3.13,0.63,37,20
3/1/2018,1.64,1.73,1.92,2.06,2.28,2.42,2.63,2.77,2.84,2.97,3.09,0.61,37,20
4/1/2018,1.66,1.79,1.98,2.15,2.38,2.52,2.7,2.82,2.87,2.96,3.07,0.65,37,20
5/1/2018,1.71,1.9,2.07,2.27,2.51,2.66,2.82,2.93,2.98,3.05,3.13,0.72,37,20
6/1/2018,1.81,1.94,2.11,2.33,2.53,2.65,2.78,2.87,2.91,2.98,3.05,0.71,37,20
7/1/2018,1.89,1.99,2.17,2.39,2.61,2.7,2.78,2.85,2.89,2.94,3.01,0.74,37,20
8/1/2018,1.94,2.07,2.24,2.45,2.64,2.71,2.77,2.84,2.89,2.97,3.04,0.79,37,20
9/1/2018,2.04,2.17,2.34,2.56,2.77,2.84,2.89,2.96,3,3.08,3.15,0.89,37,20
10/1/2018,2.17,2.29,2.46,2.65,2.86,2.94,3,3.09,3.15,3.27,3.34,1.01,37,20
11/1/2018,2.24,2.37,2.52,2.7,2.86,2.91,2.95,3.04,3.12,3.27,3.36,1.10,37,20
12/1/2018,2.37,2.41,2.54,2.66,2.68,2.67,2.68,2.75,2.83,2.98,3.1,1.08,37,20
1/1/2019,2.4,2.42,2.51,2.58,2.54,2.52,2.54,2.61,2.71,2.89,3.04,0.91,37,20
2/1/2019,2.43,2.44,2.5,2.55,2.5,2.48,2.49,2.57,2.68,2.87,3.02,0.73,37,20
3/1/2019,2.45,2.45,2.51,2.49,2.41,2.37,2.37,2.47,2.57,2.8,2.98,0.56,37,20
4/1/2019,2.43,2.43,2.46,2.42,2.34,2.31,2.33,2.43,2.53,2.76,2.94,0.49,37,20
5/1/2019,2.4,2.4,2.42,2.34,2.21,2.16,2.19,2.29,2.4,2.63,2.82,0.48,37,20
6/1/2019,2.22,2.22,2.17,2,1.81,1.78,1.83,1.95,2.07,2.36,2.57,0.28,37,20
7/1/2019,2.15,2.15,2.08,1.96,1.84,1.8,1.83,1.93,2.06,2.36,2.57,0.25,37,20
8/1/2019,2.07,1.99,1.93,1.77,1.57,1.51,1.49,1.55,1.63,1.91,2.12,0.11,37,20
9/1/2019,1.99,1.93,1.89,1.8,1.65,1.59,1.57,1.64,1.7,1.97,2.16,0.17,37,20
10/1/2019,1.73,1.68,1.67,1.61,1.55,1.53,1.53,1.62,1.71,2,2.19,0.12,37,20
11/1/2019,1.58,1.57,1.59,1.57,1.61,1.61,1.64,1.74,1.81,2.13,2.28,0.09,37,20
12/1/2019,1.55,1.57,1.58,1.55,1.61,1.63,1.68,1.79,1.86,2.16,2.3,0.06,37,20
1/1/2020,1.53,1.55,1.56,1.53,1.52,1.52,1.56,1.67,1.76,2.07,2.22,-0.09,37,20
2/1/2020,1.58,1.54,1.51,1.41,1.33,1.31,1.32,1.42,1.5,1.81,1.97,-0.26,37,20
3/1/2020,0.37,0.3,0.3,0.33,0.45,0.5,0.59,0.78,0.87,1.26,1.46,-0.08,37,20
4/1/2020,0.11,0.14,0.17,0.18,0.22,0.28,0.39,0.55,0.66,1.06,1.27,-0.37,37,20
5/1/2020,0.1,0.13,0.15,0.16,0.17,0.22,0.34,0.53,0.67,1.12,1.38,-0.43,37,20
6/1/2020,0.13,0.16,0.18,0.18,0.19,0.22,0.34,0.55,0.73,1.27,1.49,-0.67,37,20
7/1/2020,0.11,0.13,0.14,0.15,0.15,0.17,0.28,0.46,0.62,1.09,1.31,-1.03,37,20
8/1/2020,0.08,0.1,0.12,0.13,0.14,0.16,0.27,0.46,0.65,1.14,1.36,-1.28,37,20
9/1/2020,0.09,0.11,0.12,0.13,0.13,0.16,0.27,0.46,0.68,1.21,1.42,-1.26,37,20
10/1/2020,0.09,0.1,0.11,0.13,0.15,0.19,0.34,0.55,0.79,1.34,1.57,-1.23,37,20
11/1/2020,0.09,0.09,0.1,0.12,0.17,0.22,0.39,0.63,0.87,1.4,1.62,-1.24,37,20
12/1/2020,0.08,0.09,0.09,0.1,0.14,0.19,0.39,0.66,0.93,1.47,1.67,-1.48,37,20
,,,,,,,,,,,,,,
,,,,,,,,,,,,,,
,,,,,,,,,,,,,,
,,,,,,,,,,,,,,
,,,,,,,,,,,,,,
,,,,,,,,,,,,,,
,,,,,,,,,,,,,,
,,,,,,,,,,,,,,
,,,,,,,,,,,,,,
